AccusedMasterID,GoldPersonID
1,P001816
2,P001816
3,P002905
4,P003278
5,P002905
6,P003278
7,P002905
8,P002905
9,P002574
10,P000502
11,P002574
12,P002574
13,P002574
14,P002574
15,P000502
16,P002566
17,P002574
18,P002574
19,P002574
20,P002574
21,P000502
22,P002574
23,P002574
24,P002574
25,P002357
26,P002013
27,P002356
28,P003860
29,P002357
30,P000438
31,P002357
32,P001622
33,P002357
34,P002357
35,P002357
36,P002357
37,P002357
38,P002101
39,P002357
40,P002357
41,P001013
42,P002357
43,P002357
44,P002357
45,P002357
46,P002101
47,P002357
48,P002746
49,P002357
50,P000438
51,P002357
52,P001303
53,P003284
54,P002236
55,P002236
56,P003028
57,P001303
58,P001008
59,P003028
60,P003028
61,P003028
62,P001303
63,P003284
64,P002188
65,P002960
66,P000757
67,P000757
68,P003537
69,P000633
70,P000757
71,P000757
72,P000343
73,P000343
74,P000355
75,P003413
76,P000542
77,P001303
78,P003284
79,P001303
80,P003284
81,P000343
82,P002750
83,P002750
84,P002317
85,P002750
86,P001654
87,P000438
88,P000438
89,P003753
90,P000438
91,P001013
92,P000438
93,P000438
94,P002522
95,P000800
96,P002522
97,P002473
98,P001745
99,P000719
100,P002522
101,P002522
102,P002522
103,P000078
104,P002522
105,P000958
106,P003614
107,P002522
108,P002522
109,P002983
110,P003500
111,P000958
112,P002131
113,P002522
114,P000958
115,P000958
116,P003110
117,P003110
118,P000414
119,P003110
120,P003110
121,P002562
122,P003110
123,P002562
124,P003110
125,P001849
126,P002137
127,P002789
128,P002150
129,P002789
130,P002789
131,P002789
132,P002789
133,P002789
134,P002671
135,P002789
136,P002789
137,P002199
138,P002671
139,P002789
140,P002199
141,P002671
142,P002789
143,P000652
144,P002825
145,P001795
146,P001795
147,P001587
148,P002036
149,P001795
150,P001587
151,P002036
152,P002494
153,P001795
154,P001795
155,P001587
156,P002036
157,P001541
158,P001795
159,P000588
160,P002943
161,P001795
162,P001587
163,P002813
164,P003449
165,P001795
166,P000568
167,P002718
168,P002725
169,P002725
170,P002526
171,P002725
172,P002725
173,P002725
174,P000178
175,P000328
176,P000929
177,P003705
178,P003705
179,P003705
180,P001869
181,P001869
182,P001502
183,P001869
184,P001402
185,P001869
186,P001741
187,P002523
188,P002525
189,P001705
190,P001869
191,P001869
192,P000753
193,P001869
194,P001502
195,P001869
196,P001996
197,P003364
198,P001996
199,P001721
200,P003319
201,P000041
202,P000041
203,P000489
204,P000489
205,P002206
206,P000489
207,P000713
208,P000489
209,P000821
210,P000489
211,P001252
212,P001174
213,P003497
214,P001141
215,P001996
216,P001721
217,P001996
218,P003319
219,P001721
220,P001996
221,P003665
222,P001996
223,P003665
224,P001996
225,P003665
226,P001721
227,P001996
228,P003665
229,P001533
230,P002944
231,P002944
232,P001400
233,P000868
234,P001615
235,P002944
236,P000072
237,P002944
238,P002944
239,P002790
240,P002944
241,P002944
242,P002944
243,P002944
244,P002944
245,P003186
246,P002944
247,P002990
248,P000790
249,P001400
250,P000868
251,P002944
252,P002321
253,P003450
254,P000808
255,P001462
256,P002944
257,P002944
258,P002944
259,P002944
260,P002944
261,P000143
262,P001408
263,P001400
264,P000868
265,P000143
266,P000143
267,P000143
268,P002221
269,P001114
270,P001304
271,P000688
272,P002581
273,P000105
274,P000836
275,P002403
276,P001304
277,P001764
278,P001304
279,P003654
280,P000682
281,P002413
282,P002258
283,P000105
284,P000836
285,P002403
286,P002258
287,P002258
288,P002258
289,P002258
290,P003777
291,P003780
292,P000054
293,P000105
294,P001430
295,P002258
296,P002893
297,P003518
298,P003518
299,P001835
300,P000105
301,P001430
302,P002403
303,P000105
304,P000105
305,P000964
306,P003849
307,P001664
308,P001664
309,P001664
310,P001664
311,P001664
312,P001664
313,P001664
314,P002834
315,P001664
316,P001664
317,P000964
318,P003849
319,P002218
320,P000964
321,P003849
322,P002218
323,P000964
324,P001016
325,P002218
326,P002218
327,P000109
328,P003682
329,P002218
330,P002218
331,P003321
332,P002218
333,P000690
334,P000478
335,P002218
336,P002218
337,P002218
338,P002218
339,P000448
340,P002218
341,P003774
342,P002302
343,P003379
344,P000885
345,P002284
346,P002302
347,P002302
348,P001209
349,P002302
350,P000514
351,P000170
352,P000453
353,P000453
354,P000453
355,P000453
356,P000453
357,P003160
358,P000964
359,P003849
360,P000570
361,P003160
362,P002915
363,P003160
364,P003160
365,P003160
366,P003589
367,P002831
368,P003589
369,P003618
370,P000587
371,P000426
372,P000426
373,P002989
374,P000426
375,P000426
376,P000426
377,P003011
378,P003011
379,P000013
380,P003011
381,P000906
382,P000906
383,P000964
384,P000964
385,P000964
386,P000964
387,P001858
388,P000964
389,P002584
390,P003812
391,P000964
392,P001447
393,P003861
394,P000964
395,P000052
396,P001108
397,P000423
398,P003036
399,P002584
400,P002584
401,P003269
402,P000710
403,P002767
404,P003314
405,P003314
406,P003314
407,P002010
408,P003107
409,P001837
410,P003198
411,P003107
412,P003198
413,P003107
414,P001837
415,P002259
416,P003459
417,P001881
418,P003798
419,P003798
420,P000842
421,P000842
422,P000397
423,P000842
424,P000842
425,P001804
426,P000842
427,P001148
428,P001148
429,P003747
430,P001366
431,P001148
432,P001148
433,P001148
434,P001148
435,P003747
436,P001366
437,P003747
438,P001024
439,P003747
440,P001024
441,P001366
442,P001148
443,P001148
444,P003845
445,P000437
446,P000266
447,P000266
448,P002555
449,P002126
450,P002911
451,P002587
452,P003747
453,P003845
454,P000437
455,P003747
456,P003747
457,P002644
458,P001866
459,P003747
460,P002975
461,P002975
462,P002975
463,P002975
464,P001706
465,P001706
466,P002690
467,P000425
468,P003845
469,P000202
470,P000491
471,P001706
472,P001691
473,P001748
474,P003845
475,P000491
476,P003845
477,P003845
478,P000581
479,P003845
480,P003845
481,P000202
482,P003845
483,P003845
484,P000475
485,P003286
486,P003224
487,P003224
488,P002500
489,P000299
490,P003224
491,P003224
492,P002116
493,P003224
494,P003215
495,P002952
496,P001113
497,P003780
498,P003215
499,P003215
500,P003215
501,P003215
502,P003215
503,P003215
504,P003215
505,P003215
506,P001341
507,P001049
508,P001175
509,P003046
510,P003215
511,P000272
512,P001379
513,P002507
514,P001509
515,P001379
516,P003304
517,P000707
518,P001379
519,P002952
520,P001113
521,P003031
522,P001379
523,P002952
524,P001113
525,P002330
526,P000910
527,P001379
528,P003724
529,P000015
530,P001379
531,P001855
532,P003838
533,P001379
534,P001379
535,P001379
536,P001379
537,P003512
538,P002116
539,P001855
540,P001859
541,P000549
542,P002514
543,P000512
544,P001256
545,P002514
546,P003151
547,P002514
548,P001133
549,P001489
550,P001956
551,P002952
552,P000631
553,P001982
554,P000818
555,P003615
556,P000599
557,P003615
558,P003615
559,P003615
560,P003511
561,P003615
562,P002099
563,P000152
564,P002099
565,P002099
566,P002719
567,P002791
568,P002099
569,P000355
570,P002706
571,P000190
572,P002823
573,P000190
574,P000190
575,P000804
576,P000622
577,P000190
578,P000512
579,P001918
580,P000658
581,P001689
582,P002315
583,P002661
584,P001937
585,P000190
586,P000190
587,P000190
588,P000123
589,P001344
590,P000190
591,P000190
592,P000190
593,P000190
594,P000626
595,P002808
596,P000190
597,P002775
598,P000658
599,P001689
600,P003584
601,P003584
602,P003584
603,P000127
604,P002685
605,P001586
606,P001187
607,P000911
608,P003584
609,P001585
610,P003584
611,P002685
612,P000226
613,P003171
614,P003584
615,P002460
616,P002538
617,P003584
618,P001441
619,P003584
620,P003584
621,P003068
622,P003101
623,P000063
624,P001865
625,P002685
626,P003171
627,P000732
628,P002912
629,P001812
630,P000513
631,P002275
632,P003302
633,P001056
634,P001056
635,P001056
636,P000605
637,P001056
638,P003844
639,P003844
640,P003844
641,P001345
642,P002252
643,P003844
644,P003608
645,P000229
646,P003287
647,P000118
648,P001642
649,P000294
650,P000294
651,P000294
652,P000294
653,P000377
654,P000229
655,P003287
656,P003824
657,P003118
658,P003645
659,P003700
660,P000398
661,P000658
662,P000658
663,P003118
664,P003700
665,P003645
666,P000658
667,P002355
668,P000273
669,P001118
670,P002384
671,P000658
672,P000399
673,P000185
674,P001118
675,P003753
676,P000204
677,P000185
678,P001438
679,P003468
680,P000095
681,P000338
682,P003288
683,P002424
684,P000185
685,P002554
686,P002554
687,P003211
688,P002316
689,P003701
690,P003211
691,P003211
692,P002131
693,P000229
694,P001369
695,P003188
696,P000229
697,P000417
698,P003375
699,P001108
700,P000428
701,P002692
702,P000282
703,P002692
704,P002692
705,P001519
706,P000838
707,P003857
708,P000095
709,P001187
710,P002692
711,P003293
712,P003786
713,P002692
714,P002692
715,P000377
716,P002692
717,P002692
718,P003834
719,P003838
720,P002692
721,P003802
722,P003802
723,P002171
724,P003802
725,P003802
726,P001229
727,P003303
728,P001557
729,P000018
730,P000351
731,P002112
732,P000095
733,P000997
734,P000095
735,P001187
736,P000095
737,P001440
738,P002015
739,P000721
740,P001966
741,P000640
742,P000721
743,P001796
744,P000613
745,P001334
746,P000721
747,P003476
748,P002657
749,P000837
750,P001864
751,P003587
752,P001864
753,P000586
754,P003587
755,P001817
756,P001655
757,P001703
758,P001817
759,P001817
760,P001805
761,P001817
762,P001864
763,P000586
764,P003587
765,P001817
766,P001817
767,P001817
768,P001817
769,P001817
770,P001715
771,P000912
772,P001715
773,P001715
774,P001363
775,P001715
776,P001949
777,P000995
778,P000636
779,P002921
780,P001036
781,P001081
782,P000995
783,P001096
784,P003730
785,P003726
786,P001096
787,P000947
788,P003531
789,P003080
790,P000082
791,P000163
792,P001036
793,P001351
794,P003757
795,P000163
796,P001222
797,P000163
798,P000163
799,P003169
800,P003284
801,P000039
802,P002599
803,P000114
804,P001814
805,P003284
806,P000851
807,P003284
808,P003284
809,P003284
810,P003284
811,P003284
812,P001272
813,P000039
814,P002599
815,P000856
816,P000856
817,P000856
818,P000856
819,P002835
820,P002706
821,P002486
822,P003830
823,P003830
824,P003830
825,P001841
826,P003030
827,P003830
828,P003830
829,P003830
830,P000224
831,P003830
832,P003830
833,P003830
834,P000039
835,P001311
836,P003830
837,P001210
838,P001759
839,P003830
840,P003637
841,P000039
842,P002593
843,P003264
844,P000087
845,P003830
846,P001352
847,P002947
848,P003830
849,P003830
850,P003491
851,P002299
852,P002788
853,P002788
854,P000424
855,P002824
856,P002570
857,P002788
858,P003264
859,P002305
860,P002011
861,P002788
862,P000405
863,P001525
864,P002788
865,P003264
866,P003264
867,P001182
868,P001182
869,P001182
870,P002446
871,P003468
872,P001989
873,P003229
874,P000875
875,P000875
876,P003592
877,P000875
878,P001747
879,P000715
880,P000875
881,P002446
882,P002446
883,P003468
884,P003448
885,P003448
886,P002673
887,P003448
888,P003448
889,P001409
890,P002267
891,P003707
892,P003444
893,P003448
894,P002124
895,P003000
896,P003448
897,P003448
898,P002733
899,P000819
900,P003536
901,P002457
902,P000376
903,P002457
904,P002856
905,P002457
906,P002457
907,P002457
908,P002509
909,P002457
910,P002457
911,P001254
912,P002457
913,P002457
914,P002457
915,P001895
916,P003145
917,P000880
918,P001895
919,P001395
920,P003507
921,P000063
922,P001895
923,P000880
924,P001895
925,P002885
926,P003318
927,P003268
928,P003122
929,P003122
930,P003122
931,P003122
932,P003754
933,P001411
934,P001411
935,P000089
936,P000949
937,P002038
938,P001411
939,P002885
940,P003268
941,P001411
942,P001411
943,P001411
944,P001411
945,P001411
946,P001823
947,P001411
948,P001434
949,P002163
950,P002885
951,P003318
952,P003268
953,P001227
954,P002163
955,P002163
956,P002163
957,P001007
958,P002163
959,P002163
960,P002163
961,P002163
962,P002163
963,P002163
964,P001302
965,P003041
966,P001219
967,P002055
968,P002796
969,P001155
970,P000386
971,P002055
972,P002055
973,P002055
974,P002055
975,P002055
976,P003640
977,P003424
978,P002141
979,P002055
980,P001263
981,P002212
982,P002055
983,P001192
984,P001355
985,P000703
986,P003553
987,P002885
988,P002885
989,P003318
990,P002885
991,P001227
992,P003318
993,P000759
994,P002885
995,P002885
996,P002308
997,P001124
998,P002885
999,P000385
1000,P001453
1001,P000385
1002,P000849
1003,P002615
1004,P000385
1005,P000385
1006,P000385
1007,P000385
1008,P000762
1009,P002380
1010,P002535
1011,P002820
1012,P002380
1013,P002380
1014,P002535
1015,P002937
1016,P001510
1017,P002018
1018,P003719
1019,P003015
1020,P001429
1021,P000115
1022,P001429
1023,P001429
1024,P002115
1025,P001752
1026,P003673
1027,P001429
1028,P001429
1029,P001429
1030,P001429
1031,P001429
1032,P001429
1033,P001429
1034,P001429
1035,P002067
1036,P002067
1037,P002824
1038,P000864
1039,P002824
1040,P002578
1041,P001426
1042,P002824
1043,P001655
1044,P001077
1045,P002018
1046,P001391
1047,P002018
1048,P001391
1049,P001655
1050,P002018
1051,P002018
1052,P003707
1053,P002018
1054,P003707
1055,P000773
1056,P002256
1057,P002018
1058,P002018
1059,P002018
1060,P003707
1061,P002018
1062,P002018
1063,P000246
1064,P002018
1065,P002018
1066,P000125
1067,P002018
1068,P002018
1069,P002018
1070,P002018
1071,P002018
1072,P001918
1073,P002898
1074,P001041
1075,P000119
1076,P003544
1077,P002313
1078,P000119
1079,P000577
1080,P000119
1081,P000119
1082,P000119
1083,P002370
1084,P000101
1085,P000101
1086,P000833
1087,P000299
1088,P000101
1089,P000101
1090,P000833
1091,P002301
1092,P002757
1093,P002757
1094,P002757
1095,P002757
1096,P002757
1097,P002757
1098,P002757
1099,P002757
1100,P002757
1101,P002757
1102,P002757
1103,P002757
1104,P002757
1105,P002757
1106,P002757
1107,P002757
1108,P002757
1109,P002509
1110,P002757
1111,P000833
1112,P000058
1113,P000299
1114,P002301
1115,P002590
1116,P002111
1117,P000816
1118,P000816
1119,P000816
1120,P002629
1121,P001346
1122,P002368
1123,P000653
1124,P002629
1125,P002629
1126,P002629
1127,P002629
1128,P000709
1129,P002629
1130,P001289
1131,P002629
1132,P001943
1133,P000833
1134,P002301
1135,P002784
1136,P001112
1137,P002629
1138,P000935
1139,P002629
1140,P001294
1141,P002629
1142,P002629
1143,P002629
1144,P002784
1145,P000611
1146,P002784
1147,P001112
1148,P002629
1149,P002629
1150,P002629
1151,P002276
1152,P000413
1153,P002408
1154,P002629
1155,P003852
1156,P001540
1157,P002276
1158,P000413
1159,P001135
1160,P001904
1161,P003523
1162,P003523
1163,P003523
1164,P003523
1165,P000993
1166,P000751
1167,P003523
1168,P001253
1169,P000192
1170,P001836
1171,P003308
1172,P001253
1173,P002515
1174,P001253
1175,P002276
1176,P000413
1177,P003857
1178,P001253
1179,P002088
1180,P002088
1181,P002088
1182,P000604
1183,P002088
1184,P003636
1185,P000045
1186,P002088
1187,P003730
1188,P003636
1189,P003210
1190,P000891
1191,P000891
1192,P001653
1193,P001653
1194,P001653
1195,P000877
1196,P003651
1197,P000603
1198,P001653
1199,P001653
1200,P003636
1201,P000045
1202,P002489
1203,P001653
1204,P001653
1205,P002184
1206,P002177
1207,P000444
1208,P002231
1209,P000606
1210,P002402
1211,P002402
1212,P002402
1213,P003718
1214,P002402
1215,P002402
1216,P000777
1217,P000904
1218,P003417
1219,P002402
1220,P003400
1221,P003848
1222,P003848
1223,P003848
1224,P001479
1225,P002177
1226,P002819
1227,P000455
1228,P002291
1229,P001129
1230,P001358
1231,P000062
1232,P002068
1233,P001708
1234,P000739
1235,P001460
1236,P001783
1237,P002908
1238,P000177
1239,P002471
1240,P000147
1241,P003465
1242,P003681
1243,P002092
1244,P000147
1245,P002684
1246,P000177
1247,P002444
1248,P002684
1249,P001062
1250,P003570
1251,P000498
1252,P000161
1253,P000498
1254,P000498
1255,P001042
1256,P002729
1257,P002337
1258,P000177
1259,P002532
1260,P002471
1261,P001709
1262,P001147
1263,P001147
1264,P003547
1265,P001147
1266,P001297
1267,P001637
1268,P001297
1269,P002105
1270,P000177
1271,P002532
1272,P002276
1273,P002276
1274,P001873
1275,P002276
1276,P003226
1277,P000177
1278,P000416
1279,P002674
1280,P002276
1281,P002276
1282,P003232
1283,P001299
1284,P001760
1285,P000987
1286,P001299
1287,P001299
1288,P001760
1289,P000699
1290,P000987
1291,P001299
1292,P003522
1293,P003592
1294,P001055
1295,P000746
1296,P002074
1297,P000296
1298,P000196
1299,P000746
1300,P002868
1301,P003579
1302,P002074
1303,P001377
1304,P000746
1305,P001201
1306,P002174
1307,P001444
1308,P000746
1309,P000904
1310,P000904
1311,P000969
1312,P000582
1313,P002837
1314,P001375
1315,P000582
1316,P001620
1317,P000582
1318,P002174
1319,P001444
1320,P000582
1321,P000582
1322,P002207
1323,P003778
1324,P000582
1325,P002260
1326,P002260
1327,P001558
1328,P002260
1329,P002651
1330,P001540
1331,P002260
1332,P002412
1333,P001328
1334,P003343
1335,P003343
1336,P002704
1337,P002174
1338,P001444
1339,P002626
1340,P000551
1341,P001827
1342,P001140
1343,P002430
1344,P001950
1345,P000741
1346,P002639
1347,P002915
1348,P001397
1349,P000741
1350,P002117
1351,P000741
1352,P000741
1353,P000741
1354,P001791
1355,P000741
1356,P000741
1357,P001053
1358,P001053
1359,P001084
1360,P002860
1361,P003842
1362,P001053
1363,P001053
1364,P001053
1365,P001053
1366,P001053
1367,P001053
1368,P001053
1369,P001053
1370,P001053
1371,P002992
1372,P001053
1373,P001053
1374,P002097
1375,P003141
1376,P002162
1377,P001053
1378,P001053
1379,P001053
1380,P001053
1381,P000238
1382,P000238
1383,P000238
1384,P000238
1385,P000238
1386,P002097
1387,P000776
1388,P000099
1389,P002280
1390,P003495
1391,P003495
1392,P003495
1393,P003495
1394,P003495
1395,P000099
1396,P002280
1397,P002397
1398,P003008
1399,P003495
1400,P003467
1401,P003495
1402,P000560
1403,P003495
1404,P001181
1405,P002280
1406,P002418
1407,P002656
1408,P002491
1409,P002329
1410,P000717
1411,P000717
1412,P000717
1413,P000717
1414,P001999
1415,P000717
1416,P000717
1417,P000717
1418,P000182
1419,P000182
1420,P002558
1421,P000182
1422,P000539
1423,P000492
1424,P001181
1425,P003387
1426,P002768
1427,P003250
1428,P003794
1429,P003720
1430,P003149
1431,P001254
1432,P000322
1433,P001650
1434,P002237
1435,P002161
1436,P001947
1437,P002622
1438,P003859
1439,P002173
1440,P002173
1441,P002463
1442,P003744
1443,P001650
1444,P001911
1445,P002579
1446,P002579
1447,P001643
1448,P002579
1449,P002579
1450,P000947
1451,P000947
1452,P000568
1453,P000947
1454,P000947
1455,P000947
1456,P000947
1457,P000406
1458,P001921
1459,P001650
1460,P002169
1461,P001650
1462,P001911
1463,P002237
1464,P000947
1465,P002064
1466,P003746
1467,P003532
1468,P002545
1469,P002545
1470,P002649
1471,P003608
1472,P003608
1473,P003608
1474,P003608
1475,P001650
1476,P001650
1477,P001650
1478,P001650
1479,P003202
1480,P002620
1481,P001329
1482,P002123
1483,P003306
1484,P003384
1485,P002123
1486,P002123
1487,P002265
1488,P002123
1489,P002406
1490,P002123
1491,P002620
1492,P000252
1493,P002620
1494,P000144
1495,P000485
1496,P002123
1497,P002123
1498,P003641
1499,P003086
1500,P002781
1501,P002123
1502,P003109
1503,P000740
1504,P002123
1505,P002123
1506,P002123
1507,P003086
1508,P002781
1509,P003086
1510,P002781
1511,P002123
1512,P000435
1513,P001552
1514,P002019
1515,P003013
1516,P002019
1517,P001608
1518,P002019
1519,P003086
1520,P002781
1521,P003193
1522,P003208
1523,P003208
1524,P003208
1525,P003208
1526,P000335
1527,P000548
1528,P000381
1529,P000252
1530,P000335
1531,P000687
1532,P003170
1533,P002527
1534,P000335
1535,P000335
1536,P000176
1537,P000176
1538,P000176
1539,P000176
1540,P000381
1541,P002394
1542,P002709
1543,P002129
1544,P000121
1545,P000176
1546,P000176
1547,P001554
1548,P000176
1549,P000176
1550,P002469
1551,P000176
1552,P000284
1553,P000284
1554,P002830
1555,P003502
1556,P000284
1557,P000284
1558,P000284
1559,P002830
1560,P003733
1561,P000225
1562,P003832
1563,P001107
1564,P000284
1565,P000284
1566,P002503
1567,P002936
1568,P003773
1569,P000677
1570,P002108
1571,P000284
1572,P000284
1573,P001880
1574,P001314
1575,P001831
1576,P003852
1577,P000284
1578,P003414
1579,P003414
1580,P001176
1581,P001528
1582,P001833
1583,P001291
1584,P002934
1585,P001550
1586,P002934
1587,P000071
1588,P002934
1589,P003597
1590,P003597
1591,P003597
1592,P003597
1593,P003597
1594,P002936
1595,P000213
1596,P001163
1597,P003597
1598,P003597
1599,P003597
1600,P003597
1601,P003597
1602,P003597
1603,P002219
1604,P000140
1605,P003526
1606,P003555
1607,P002970
1608,P002970
1609,P003173
1610,P003078
1611,P002465
1612,P002219
1613,P002114
1614,P003243
1615,P002671
1616,P001283
1617,P001153
1618,P002739
1619,P002166
1620,P001283
1621,P001153
1622,P002465
1623,P002465
1624,P003630
1625,P001021
1626,P002179
1627,P002102
1628,P001866
1629,P002465
1630,P002465
1631,P002359
1632,P001326
1633,P001326
1634,P002407
1635,P003005
1636,P002102
1637,P000734
1638,P003005
1639,P002347
1640,P001742
1641,P001742
1642,P001504
1643,P001742
1644,P001768
1645,P000065
1646,P000594
1647,P001742
1648,P003116
1649,P003116
1650,P003116
1651,P002028
1652,P001382
1653,P002744
1654,P000267
1655,P002744
1656,P001608
1657,P003551
1658,P003104
1659,P003596
1660,P002744
1661,P000267
1662,P002641
1663,P002187
1664,P002187
1665,P002372
1666,P002744
1667,P000267
1668,P003663
1669,P003473
1670,P003663
1671,P003663
1672,P001335
1673,P002597
1674,P000345
1675,P002597
1676,P003452
1677,P002597
1678,P003646
1679,P002597
1680,P002597
1681,P002597
1682,P000473
1683,P002809
1684,P003514
1685,P000473
1686,P000473
1687,P002853
1688,P000526
1689,P003025
1690,P001648
1691,P001283
1692,P001283
1693,P003098
1694,P001283
1695,P002744
1696,P000267
1697,P001283
1698,P001283
1699,P001292
1700,P000948
1701,P001031
1702,P000653
1703,P003852
1704,P001292
1705,P001292
1706,P001292
1707,P002647
1708,P002647
1709,P002647
1710,P002744
1711,P001728
1712,P003716
1713,P002028
1714,P002744
1715,P000653
1716,P001732
1717,P003073
1718,P002564
1719,P001265
1720,P001265
1721,P001265
1722,P002033
1723,P001277
1724,P001006
1725,P001933
1726,P002033
1727,P002033
1728,P002686
1729,P000149
1730,P000697
1731,P002580
1732,P002033
1733,P002033
1734,P000570
1735,P000297
1736,P002050
1737,P001748
1738,P000189
1739,P001748
1740,P001748
1741,P003029
1742,P000149
1743,P000697
1744,P001748
1745,P001748
1746,P001748
1747,P000979
1748,P001719
1749,P000166
1750,P002935
1751,P002433
1752,P000872
1753,P001264
1754,P001338
1755,P001179
1756,P000149
1757,P000437
1758,P000149
1759,P000697
1760,P002580
1761,P001264
1762,P002203
1763,P001821
1764,P000149
1765,P003688
1766,P000443
1767,P001821
1768,P001821
1769,P003111
1770,P003487
1771,P001821
1772,P000846
1773,P003145
1774,P001821
1775,P001821
1776,P001821
1777,P001821
1778,P000846
1779,P003145
1780,P000088
1781,P003669
1782,P003197
1783,P003686
1784,P003686
1785,P003686
1786,P003686
1787,P003686
1788,P000061
1789,P002012
1790,P000898
1791,P003686
1792,P000616
1793,P003351
1794,P000246
1795,P001918
1796,P000061
1797,P001381
1798,P003351
1799,P000708
1800,P003351
1801,P002876
1802,P000968
1803,P002544
1804,P001815
1805,P003351
1806,P003351
1807,P003351
1808,P003351
1809,P000193
1810,P000846
1811,P002731
1812,P000079
1813,P001783
1814,P000246
1815,P002544
1816,P000896
1817,P002394
1818,P001022
1819,P001663
1820,P002365
1821,P003019
1822,P000321
1823,P001060
1824,P003019
1825,P001867
1826,P000996
1827,P002365
1828,P003657
1829,P002281
1830,P002152
1831,P000883
1832,P001112
1833,P001112
1834,P003064
1835,P003064
1836,P002281
1837,P002152
1838,P003064
1839,P001842
1840,P000307
1841,P003091
1842,P003519
1843,P000009
1844,P003613
1845,P002247
1846,P002247
1847,P003655
1848,P003782
1849,P003006
1850,P000569
1851,P002269
1852,P003655
1853,P003782
1854,P000494
1855,P002128
1856,P001517
1857,P002652
1858,P000292
1859,P002981
1860,P002048
1861,P000292
1862,P002981
1863,P002048
1864,P002048
1865,P002048
1866,P000486
1867,P003722
1868,P000217
1869,P002048
1870,P002048
1871,P000230
1872,P002048
1873,P002048
1874,P003074
1875,P003074
1876,P000292
1877,P002860
1878,P003370
1879,P002175
1880,P002370
1881,P000292
1882,P000292
1883,P002751
1884,P003603
1885,P001893
1886,P000034
1887,P001806
1888,P003603
1889,P003603
1890,P001055
1891,P001697
1892,P002988
1893,P000076
1894,P001697
1895,P001697
1896,P002023
1897,P002023
1898,P002023
1899,P002023
1900,P002023
1901,P001551
1902,P002023
1903,P002023
1904,P003671
1905,P002023
1906,P002578
1907,P002605
1908,P002319
1909,P000093
1910,P001719
1911,P000744
1912,P002319
1913,P001658
1914,P003368
1915,P000923
1916,P001647
1917,P000923
1918,P000923
1919,P002870
1920,P002870
1921,P003539
1922,P001010
1923,P002870
1924,P002870
1925,P001555
1926,P001555
1927,P001668
1928,P002568
1929,P003063
1930,P003063
1931,P003369
1932,P003369
1933,P003369
1934,P003369
1935,P002194
1936,P001376
1937,P003369
1938,P003369
1939,P003369
1940,P003369
1941,P000058
1942,P003369
1943,P003369
1944,P000546
1945,P001425
1946,P003236
1947,P003527
1948,P003369
1949,P003050
1950,P003346
1951,P003346
1952,P003346
1953,P003346
1954,P003346
1955,P001091
1956,P001786
1957,P003097
1958,P003346
1959,P003346
1960,P003346
1961,P001786
1962,P001786
1963,P002499
1964,P002977
1965,P000740
1966,P001734
1967,P000372
1968,P001570
1969,P001843
1970,P000511
1971,P000511
1972,P000901
1973,P002931
1974,P002183
1975,P000511
1976,P002042
1977,P002042
1978,P001219
1979,P001219
1980,P002591
1981,P001219
1982,P001683
1983,P001275
1984,P000924
1985,P002195
1986,P002162
1987,P001856
1988,P003148
1989,P002162
1990,P003089
1991,P001361
1992,P000661
1993,P000661
1994,P000661
1995,P000885
1996,P000661
1997,P003664
1998,P000661
1999,P000661
2000,P003509
2001,P002778
2002,P000661
2003,P001325
2004,P003375
2005,P003375
2006,P002523
2007,P002373
2008,P003375
2009,P003375
2010,P003375
2011,P003375
2012,P002415
2013,P000120
2014,P003715
2015,P002415
2016,P003610
2017,P000464
2018,P000464
2019,P000464
2020,P000464
2021,P000464
2022,P000464
2023,P000464
2024,P000464
2025,P000736
2026,P001916
2027,P003525
2028,P000826
2029,P000826
2030,P002416
2031,P001349
2032,P001464
2033,P000826
2034,P002408
2035,P002416
2036,P002416
2037,P000879
2038,P002416
2039,P002416
2040,P002670
2041,P003419
2042,P002124
2043,P002196
2044,P003259
2045,P003480
2046,P003027
2047,P003259
2048,P003259
2049,P000244
2050,P000244
2051,P001331
2052,P000244
2053,P000244
2054,P001331
2055,P000776
2056,P000244
2057,P000244
2058,P000244
2059,P002746
2060,P002746
2061,P000175
2062,P001531
2063,P002746
2064,P002746
2065,P000319
2066,P000024
2067,P002746
2068,P002746
2069,P002746
2070,P002746
2071,P002746
2072,P000084
2073,P000153
2074,P002061
2075,P000084
2076,P000084
2077,P000084
2078,P000153
2079,P002061
2080,P002306
2081,P000153
2082,P000153
2083,P002340
2084,P002061
2085,P000107
2086,P000107
2087,P000107
2088,P000107
2089,P000087
2090,P003236
2091,P000107
2092,P000239
2093,P000823
2094,P000542
2095,P000107
2096,P002271
2097,P002271
2098,P002328
2099,P002271
2100,P002271
2101,P000087
2102,P000087
2103,P000500
2104,P003429
2105,P003096
2106,P001360
2107,P001106
2108,P001209
2109,P001598
2110,P001598
2111,P001598
2112,P001672
2113,P003656
2114,P001598
2115,P001598
2116,P001205
2117,P003634
2118,P000146
2119,P000026
2120,P001598
2121,P003656
2122,P001060
2123,P001598
2124,P001598
2125,P000952
2126,P000001
2127,P000594
2128,P000594
2129,P000823
2130,P000823
2131,P003088
2132,P000805
2133,P003088
2134,P002322
2135,P003168
2136,P003088
2137,P003168
2138,P003088
2139,P003088
2140,P003088
2141,P000805
2142,P003168
2143,P003088
2144,P003088
2145,P003088
2146,P003804
2147,P003088
2148,P003088
2149,P003088
2150,P003088
2151,P003088
2152,P003088
2153,P003088
2154,P000805
2155,P002322
2156,P001108
2157,P001108
2158,P000576
2159,P001922
2160,P001736
2161,P003817
2162,P003665
2163,P002431
2164,P002968
2165,P001994
2166,P001994
2167,P000092
2168,P002590
2169,P002553
2170,P002553
2171,P002553
2172,P001221
2173,P003623
2174,P002553
2175,P003717
2176,P001716
2177,P001005
2178,P002022
2179,P001908
2180,P001908
2181,P003543
2182,P001882
2183,P001882
2184,P001347
2185,P001700
2186,P000278
2187,P000278
2188,P001305
2189,P002793
2190,P002490
2191,P001305
2192,P001305
2193,P002648
2194,P001288
2195,P000021
2196,P001305
2197,P002760
2198,P002760
2199,P002760
2200,P002760
2201,P002760
2202,P002760
2203,P003625
2204,P000887
2205,P002760
2206,P002760
2207,P001614
2208,P002760
2209,P000092
2210,P000436
2211,P003339
2212,P000113
2213,P002760
2214,P002760
2215,P000783
2216,P003540
2217,P002208
2218,P002760
2219,P000223
2220,P002481
2221,P001832
2222,P003607
2223,P000612
2224,P003659
2225,P000306
2226,P003426
2227,P003776
2228,P002969
2229,P001065
2230,P001636
2231,P002967
2232,P002298
2233,P001047
2234,P003210
2235,P001038
2236,P002070
2237,P001038
2238,P001980
2239,P001980
2240,P003355
2241,P000825
2242,P003855
2243,P001980
2244,P003161
2245,P001980
2246,P001980
2247,P001980
2248,P001980
2249,P001980
2250,P002743
2251,P002743
2252,P000088
2253,P003666
2254,P001728
2255,P003033
2256,P001564
2257,P000983
2258,P001646
2259,P003033
2260,P003421
2261,P003033
2262,P000174
2263,P003576
2264,P000174
2265,P000174
2266,P000683
2267,P002476
2268,P000174
2269,P001286
2270,P000174
2271,P000174
2272,P000174
2273,P002298
2274,P003210
2275,P000174
2276,P002298
2277,P002298
2278,P002298
2279,P002298
2280,P003210
2281,P002298
2282,P001047
2283,P002298
2284,P001885
2285,P002021
2286,P001205
2287,P003398
2288,P002425
2289,P002096
2290,P001205
2291,P001205
2292,P003647
2293,P001205
2294,P001768
2295,P001768
2296,P001649
2297,P001840
2298,P001649
2299,P001649
2300,P001649
2301,P001649
2302,P001649
2303,P001649
2304,P003206
2305,P002929
2306,P001941
2307,P001018
2308,P001941
2309,P003318
2310,P001941
2311,P001941
2312,P001602
2313,P001801
2314,P003756
2315,P003756
2316,P003756
2317,P003756
2318,P002425
2319,P002211
2320,P003413
2321,P003413
2322,P001313
2323,P001722
2324,P000088
2325,P001332
2326,P000066
2327,P001635
2328,P000088
2329,P003381
2330,P000088
2331,P003693
2332,P002993
2333,P000336
2334,P000088
2335,P003693
2336,P001600
2337,P000992
2338,P002689
2339,P002689
2340,P002689
2341,P000955
2342,P002689
2343,P002689
2344,P002689
2345,P000088
2346,P000693
2347,P001233
2348,P000088
2349,P000088
2350,P003693
2351,P000088
2352,P003693
2353,P003751
2354,P003509
2355,P003509
2356,P003509
2357,P003509
2358,P002475
2359,P003080
2360,P001403
2361,P003080
2362,P001619
2363,P003080
2364,P002714
2365,P001619
2366,P000804
2367,P003048
2368,P003388
2369,P001471
2370,P000804
2371,P000804
2372,P000804
2373,P003245
2374,P000804
2375,P000281
2376,P000804
2377,P003245
2378,P002504
2379,P001302
2380,P003635
2381,P000109
2382,P000264
2383,P003092
2384,P003591
2385,P003635
2386,P001781
2387,P001767
2388,P003119
2389,P003635
2390,P003635
2391,P003635
2392,P000210
2393,P000264
2394,P003092
2395,P003635
2396,P003635
2397,P000264
2398,P002696
2399,P000253
2400,P000264
2401,P000264
2402,P001000
2403,P000236
2404,P002713
2405,P000264
2406,P000264
2407,P000264
2408,P002696
2409,P002696
2410,P002696
2411,P002696
2412,P002696
2413,P001071
2414,P003291
2415,P003161
2416,P002945
2417,P003161
2418,P003161
2419,P003508
2420,P003021
2421,P003161
2422,P002594
2423,P002110
2424,P001071
2425,P001071
2426,P003291
2427,P003076
2428,P001071
2429,P002829
2430,P002829
2431,P002829
2432,P000914
2433,P002829
2434,P002829
2435,P002829
2436,P001563
2437,P002829
2438,P002829
2439,P002829
2440,P002461
2441,P002829
2442,P001995
2443,P002829
2444,P000881
2445,P003272
2446,P001134
2447,P001451
2448,P002133
2449,P002133
2450,P001480
2451,P002805
2452,P003755
2453,P001480
2454,P000932
2455,P000932
2456,P000504
2457,P000932
2458,P000932
2459,P000932
2460,P002293
2461,P000932
2462,P000932
2463,P000932
2464,P003307
2465,P001336
2466,P000291
2467,P000932
2468,P000932
2469,P002119
2470,P003641
2471,P001703
2472,P003627
2473,P000808
2474,P003227
2475,P000663
2476,P001612
2477,P000663
2478,P003082
2479,P000663
2480,P000808
2481,P003227
2482,P003031
2483,P003187
2484,P003513
2485,P003513
2486,P002939
2487,P001831
2488,P003513
2489,P001431
2490,P001214
2491,P000808
2492,P003227
2493,P001431
2494,P003337
2495,P000523
2496,P001431
2497,P002573
2498,P001911
2499,P000333
2500,P001803
2501,P001248
2502,P000878
2503,P000521
2504,P002342
2505,P001803
2506,P001803
2507,P001803
2508,P000878
2509,P001889
2510,P001765
2511,P003322
2512,P003632
2513,P003322
2514,P000790
2515,P003322
2516,P003322
2517,P001288
2518,P003652
2519,P000538
2520,P002066
2521,P002132
2522,P003771
2523,P002362
2524,P003263
2525,P003188
2526,P000551
2527,P000255
2528,P002956
2529,P003263
2530,P002464
2531,P001977
2532,P000373
2533,P002317
2534,P001798
2535,P002464
2536,P001222
2537,P001824
2538,P001824
2539,P001568
2540,P001824
2541,P001544
2542,P002796
2543,P002461
2544,P002796
2545,P002796
2546,P002796
2547,P003442
2548,P002796
2549,P002396
2550,P001780
2551,P003239
2552,P003239
2553,P002616
2554,P003239
2555,P003239
2556,P001738
2557,P001258
2558,P002464
2559,P000373
2560,P001977
2561,P002333
2562,P001918
2563,P002038
2564,P002333
2565,P001059
2566,P000960
2567,P000709
2568,P000709
2569,P000709
2570,P000709
2571,P001059
2572,P003656
2573,P002959
2574,P002053
2575,P001692
2576,P002085
2577,P001692
2578,P001692
2579,P001692
2580,P001059
2581,P000960
2582,P000162
2583,P000124
2584,P001037
2585,P000124
2586,P000124
2587,P000427
2588,P002212
2589,P003365
2590,P002925
2591,P000427
2592,P002200
2593,P001059
2594,P000960
2595,P003656
2596,P002200
2597,P000445
2598,P000460
2599,P003612
2600,P002800
2601,P001804
2602,P002800
2603,P002800
2604,P002800
2605,P001646
2606,P003106
2607,P002800
2608,P001019
2609,P001839
2610,P001146
2611,P001175
2612,P001175
2613,P001175
2614,P001130
2615,P001167
2616,P002092
2617,P002614
2618,P001167
2619,P001167
2620,P002092
2621,P002614
2622,P000122
2623,P001167
2624,P001167
2625,P001167
2626,P000763
2627,P001167
2628,P001167
2629,P000518
2630,P000164
2631,P001248
2632,P001696
2633,P003647
2634,P001696
2635,P001696
2636,P002636
2637,P001696
2638,P001696
2639,P001696
2640,P003647
2641,P002721
2642,P001804
2643,P001696
2644,P003647
2645,P001696
2646,P001696
2647,P002506
2648,P001988
2649,P003579
2650,P001310
2651,P001718
2652,P001718
2653,P001718
2654,P001183
2655,P002164
2656,P003735
2657,P002164
2658,P002623
2659,P002164
2660,P002164
2661,P000117
2662,P000117
2663,P001105
2664,P001105
2665,P001105
2666,P001105
2667,P002773
2668,P002773
2669,P002773
2670,P002773
2671,P002773
2672,P001777
2673,P001850
2674,P001365
2675,P001365
2676,P002176
2677,P003067
2678,P000689
2679,P002512
2680,P000689
2681,P001562
2682,P002176
2683,P003067
2684,P000689
2685,P000689
2686,P000689
2687,P000689
2688,P000689
2689,P002755
2690,P000689
2691,P000689
2692,P001040
2693,P000689
2694,P000689
2695,P003563
2696,P000409
2697,P000689
2698,P002811
2699,P002270
2700,P002004
2701,P000318
2702,P002811
2703,P002176
2704,P002176
2705,P003067
2706,P003457
2707,P003069
2708,P003594
2709,P003488
2710,P002352
2711,P003488
2712,P000404
2713,P003590
2714,P001386
2715,P000598
2716,P000598
2717,P000470
2718,P000598
2719,P002691
2720,P002691
2721,P002691
2722,P002691
2723,P002182
2724,P002822
2725,P003043
2726,P002691
2727,P002691
2728,P002691
2729,P002749
2730,P003123
2731,P002822
2732,P002822
2733,P003365
2734,P002822
2735,P002822
2736,P002822
2737,P003521
2738,P001539
2739,P002122
2740,P003625
2741,P002618
2742,P001373
2743,P001373
2744,P001373
2745,P001373
2746,P002058
2747,P001494
2748,P001601
2749,P001494
2750,P000657
2751,P002894
2752,P001494
2753,P001494
2754,P003269
2755,P003624
2756,P001787
2757,P000781
2758,P001822
2759,P001822
2760,P001822
2761,P002963
2762,P001126
2763,P001822
2764,P001822
2765,P000950
2766,P000950
2767,P003105
2768,P003715
2769,P003715
2770,P003380
2771,P003715
2772,P003715
2773,P003715
2774,P003638
2775,P001990
2776,P003433
2777,P003638
2778,P000545
2779,P003638
2780,P003638
2781,P003638
2782,P003638
2783,P001116
2784,P000155
2785,P002339
2786,P001543
2787,P003638
2788,P000787
2789,P002343
2790,P003638
2791,P001925
2792,P001309
2793,P001925
2794,P002871
2795,P003261
2796,P003261
2797,P002295
2798,P002697
2799,P001762
2800,P002896
2801,P002896
2802,P003499
2803,P001955
2804,P003361
2805,P002896
2806,P002295
2807,P000315
2808,P003181
2809,P002896
2810,P002736
2811,P002295
2812,P001762
2813,P000296
2814,P002831
2815,P000286
2816,P001402
2817,P002560
2818,P001744
2819,P000286
2820,P003614
2821,P000325
2822,P003561
2823,P002896
2824,P000667
2825,P003270
2826,P002896
2827,P002708
2828,P001421
2829,P001271
2830,P001271
2831,P000982
2832,P001271
2833,P001271
2834,P001271
2835,P001057
2836,P001271
2837,P002828
2838,P001160
2839,P001189
2840,P001790
2841,P000286
2842,P001808
2843,P002251
2844,P000939
2845,P003762
2846,P002828
2847,P001130
2848,P000286
2849,P002376
2850,P002376
2851,P002376
2852,P002376
2853,P000027
2854,P002828
2855,P000301
2856,P001287
2857,P000817
2858,P000601
2859,P000894
2860,P003187
2861,P003187
2862,P000054
2863,P003187
2864,P000301
2865,P001660
2866,P001196
2867,P002967
2868,P003187
2869,P003187
2870,P001363
2871,P000301
2872,P002551
2873,P002876
2874,P000578
2875,P002194
2876,P000578
2877,P000578
2878,P000971
2879,P002772
2880,P000314
2881,P001003
2882,P000578
2883,P003573
2884,P001568
2885,P002420
2886,P003829
2887,P003002
2888,P003002
2889,P003002
2890,P000909
2891,P002398
2892,P000871
2893,P000285
2894,P000285
2895,P000285
2896,P003532
2897,P000695
2898,P003447
2899,P001240
2900,P001063
2901,P003014
2902,P003532
2903,P003532
2904,P003532
2905,P003532
2906,P003532
2907,P000451
2908,P003315
2909,P003315
2910,P001443
2911,P002901
2912,P003567
2913,P001063
2914,P003014
2915,P003327
2916,P001630
2917,P001630
2918,P001959
2919,P000175
2920,P001652
2921,P001652
2922,P001767
2923,P001935
2924,P001109
2925,P001456
2926,P001456
2927,P000441
2928,P000504
2929,P002854
2930,P002179
2931,P002179
2932,P002205
2933,P001063
2934,P000997
2935,P002179
2936,P002179
2937,P003757
2938,P003219
2939,P003856
2940,P000218
2941,P000218
2942,P002736
2943,P003757
2944,P003362
2945,P001351
2946,P003757
2947,P000523
2948,P002119
2949,P002043
2950,P002973
2951,P000527
2952,P001963
2953,P001963
2954,P001963
2955,P002043
2956,P003554
2957,P002852
2958,P002043
2959,P002973
2960,P002297
2961,P003472
2962,P003472
2963,P000104
2964,P001917
2965,P000720
2966,P002512
2967,P001754
2968,P000700
2969,P003569
2970,P000733
2971,P000733
2972,P001584
2973,P000843
2974,P000733
2975,P000733
2976,P000733
2977,P000733
2978,P000733
2979,P000258
2980,P000700
2981,P000649
2982,P002941
2983,P000580
2984,P001156
2985,P001156
2986,P000678
2987,P001380
2988,P001156
2989,P001156
2990,P001546
2991,P000852
2992,P000759
2993,P001217
2994,P000852
2995,P003378
2996,P002857
2997,P002820
2998,P000884
2999,P002820
3000,P002820
3001,P002073
3002,P002820
3003,P000700
3004,P000167
3005,P002487
3006,P003643
3007,P003643
3008,P003643
3009,P000700
3010,P000700
3011,P003803
3012,P003803
3013,P000120
3014,P000517
3015,P000120
3016,P002012
3017,P002012
3018,P002955
3019,P002012
3020,P001657
3021,P002353
3022,P002230
3023,P002012
3024,P001675
3025,P000809
3026,P003052
3027,P003052
3028,P002711
3029,P003052
3030,P003052
3031,P003443
3032,P003052
3033,P001921
3034,P002005
3035,P001342
3036,P003052
3037,P000908
3038,P002005
3039,P001342
3040,P003835
3041,P001481
3042,P001368
3043,P003176
3044,P001481
3045,P001481
3046,P001769
3047,P002571
3048,P000933
3049,P001399
3050,P001481
3051,P003833
3052,P003833
3053,P000222
3054,P002687
3055,P002679
3056,P000222
3057,P000222
3058,P003564
3059,P003564
3060,P000805
3061,P002571
3062,P000933
3063,P003564
3064,P003718
3065,P002502
3066,P001223
3067,P003200
3068,P001641
3069,P002059
3070,P002502
3071,P002502
3072,P002502
3073,P001641
3074,P001991
3075,P002502
3076,P002143
3077,P001567
3078,P003587
3079,P000298
3080,P002143
3081,P003302
3082,P001320
3083,P000769
3084,P003054
3085,P000534
3086,P002883
3087,P002883
3088,P002883
3089,P002478
3090,P002645
3091,P001475
3092,P001475
3093,P001006
3094,P001475
3095,P001889
3096,P001496
3097,P002840
3098,P002962
3099,P002962
3100,P000372
3101,P002325
3102,P002325
3103,P002325
3104,P000046
3105,P000704
3106,P000046
3107,P002143
3108,P003302
3109,P000046
3110,P002419
3111,P002616
3112,P001139
3113,P002246
3114,P002423
3115,P000236
3116,P001201
3117,P000315
3118,P002147
3119,P000236
3120,P001733
3121,P000236
3122,P000861
3123,P000861
3124,P000861
3125,P002616
3126,P002484
3127,P000861
3128,P000861
3129,P001201
3130,P000315
3131,P000861
3132,P002143
3133,P001201
3134,P001201
3135,P001201
3136,P001201
3137,P001201
3138,P001784
3139,P002621
3140,P000110
3141,P002780
3142,P001702
3143,P000108
3144,P002621
3145,P002797
3146,P000714
3147,P002780
3148,P000108
3149,P001702
3150,P003251
3151,P000252
3152,P001329
3153,P003360
3154,P001545
3155,P002938
3156,P001028
3157,P003017
3158,P002002
3159,P003017
3160,P003017
3161,P003017
3162,P000252
3163,P003056
3164,P003192
3165,P001371
3166,P000252
3167,P003192
3168,P000396
3169,P000189
3170,P003090
3171,P001200
3172,P000011
3173,P000011
3174,P002589
3175,P002632
3176,P003299
3177,P000011
3178,P000011
3179,P001004
3180,P003347
3181,P003218
3182,P002635
3183,P002635
3184,P002635
3185,P002106
3186,P002277
3187,P002785
3188,P001455
3189,P002277
3190,P003201
3191,P002277
3192,P000972
3193,P000972
3194,P000972
3195,P000972
3196,P000832
3197,P002265
3198,P002265
3199,P001723
3200,P002265
3201,P000907
3202,P002798
3203,P003192
3204,P003192
3205,P003192
3206,P000396
3207,P003192
3208,P001266
3209,P002041
3210,P002856
3211,P003192
3212,P003192
3213,P003192
3214,P003192
3215,P000767
3216,P003192
3217,P003192
3218,P000396
3219,P003192
3220,P003192
3221,P001371
3222,P003192
3223,P001371
3224,P000396
3225,P002508
3226,P003192
3227,P000681
3228,P001360
3229,P000514
3230,P001360
3231,P002285
3232,P001360
3233,P002320
3234,P003669
3235,P003732
3236,P001067
3237,P001067
3238,P001067
3239,P003616
3240,P003001
3241,P002382
3242,P002382
3243,P002320
3244,P003669
3245,P002338
3246,P000831
3247,P002783
3248,P002783
3249,P002783
3250,P002561
3251,P002783
3252,P003443
3253,P003398
3254,P003709
3255,P003709
3256,P003709
3257,P003709
3258,P003167
3259,P002927
3260,P003709
3261,P003248
3262,P003248
3263,P003248
3264,P003248
3265,P000366
3266,P002850
3267,P001684
3268,P003065
3269,P003577
3270,P000824
3271,P003167
3272,P002927
3273,P001413
3274,P002053
3275,P000824
3276,P000824
3277,P000824
3278,P000708
3279,P002385
3280,P000393
3281,P000708
3282,P003835
3283,P000250
3284,P003792
3285,P003835
3286,P003835
3287,P003835
3288,P002029
3289,P002385
3290,P000739
3291,P002957
3292,P000619
3293,P002827
3294,P000378
3295,P001452
3296,P002385
3297,P001781
3298,P000989
3299,P003574
3300,P003574
3301,P003574
3302,P003574
3303,P002672
3304,P003574
3305,P001687
3306,P000033
3307,P000033
3308,P003668
3309,P001753
3310,P001129
3311,P000528
3312,P002385
3313,P000989
3314,P000922
3315,P002501
3316,P000033
3317,P000050
3318,P000050
3319,P000050
3320,P000050
3321,P000050
3322,P000050
3323,P000050
3324,P000050
3325,P000050
3326,P000050
3327,P000050
3328,P000050
3329,P003203
3330,P000544
3331,P001623
3332,P002440
3333,P002440
3334,P000227
3335,P003228
3336,P003228
3337,P000256
3338,P003228
3339,P001606
3340,P000276
3341,P000276
3342,P000276
3343,P002224
3344,P000922
3345,P001285
3346,P003072
3347,P003072
3348,P002566
3349,P000502
3350,P002212
3351,P002995
3352,P002294
3353,P002192
3354,P000697
3355,P000697
3356,P000697
3357,P000697
3358,P002995
3359,P002294
3360,P000697
3361,P002063
3362,P000403
3363,P002287
3364,P001892
3365,P001892
3366,P000196
3367,P003853
3368,P001892
3369,P001892
3370,P001892
3371,P001987
3372,P002668
3373,P001406
3374,P000097
3375,P001892
3376,P002697
3377,P001477
3378,P000566
3379,P001401
3380,P000505
3381,P000505
3382,P002816
3383,P000900
3384,P000541
3385,P001001
3386,P001001
3387,P002697
3388,P001477
3389,P002196
3390,P002196
3391,P002196
3392,P000912
3393,P000912
3394,P003186
3395,P000390
3396,P000390
3397,P002566
3398,P002566
3399,P002697
3400,P000388
3401,P002566
3402,P002078
3403,P000962
3404,P002326
3405,P002566
3406,P001906
3407,P001473
3408,P002566
3409,P002466
3410,P002697
3411,P001477
3412,P002566
3413,P002566
3414,P001862
3415,P000615
3416,P002566
3417,P002519
3418,P002290
3419,P002290
3420,P002290
3421,P002290
3422,P002697
3423,P001477
3424,P002576
3425,P000228
3426,P002232
3427,P002232
3428,P002232
3429,P002232
3430,P002232
3431,P003791
3432,P002222
3433,P003791
3434,P003791
3435,P000848
3436,P002279
3437,P000848
3438,P002616
3439,P001968
3440,P002516
3441,P003152
3442,P001043
3443,P002807
3444,P002712
3445,P000918
3446,P002807
3447,P002807
3448,P002807
3449,P002807
3450,P000370
3451,P002697
3452,P001477
3453,P002807
3454,P003273
3455,P002807
3456,P002842
3457,P001574
3458,P000925
3459,P002807
3460,P002807
3461,P000472
3462,P002044
3463,P002807
3464,P002842
3465,P000925
3466,P002697
3467,P002697
3468,P000946
3469,P002697
3470,P000768
3471,P000160
3472,P002637
3473,P000916
3474,P000916
3475,P001627
3476,P000916
3477,P000916
3478,P000916
3479,P000916
3480,P000916
3481,P000916
3482,P000916
3483,P003175
3484,P001576
3485,P000916
3486,P003175
3487,P002774
3488,P002096
3489,P000916
3490,P000175
3491,P001531
3492,P002618
3493,P001670
3494,P000916
3495,P002201
3496,P000233
3497,P001549
3498,P001549
3499,P000862
3500,P003485
3501,P003829
3502,P002517
3503,P003022
3504,P001549
3505,P000999
3506,P001549
3507,P001549
3508,P002454
3509,P003117
3510,P001485
3511,P000319
3512,P003829
3513,P003022
3514,P001743
3515,P001743
3516,P001743
3517,P001743
3518,P002428
3519,P001743
3520,P003432
3521,P000028
3522,P002851
3523,P001682
3524,P003441
3525,P003678
3526,P003138
3527,P002851
3528,P003829
3529,P002517
3530,P003030
3531,P000357
3532,P003641
3533,P003393
3534,P001793
3535,P000271
3536,P000986
3537,P002286
3538,P002604
3539,P000200
3540,P000200
3541,P001136
3542,P000200
3543,P002020
3544,P002084
3545,P002867
3546,P003350
3547,P002607
3548,P003350
3549,P003765
3550,P001599
3551,P003471
3552,P003350
3553,P003350
3554,P000941
3555,P001457
3556,P000269
3557,P000797
3558,P000797
3559,P000186
3560,P000186
3561,P001478
3562,P003385
3563,P002374
3564,P000691
3565,P000186
3566,P001202
3567,P002170
3568,P002109
3569,P000186
3570,P000186
3571,P000186
3572,P000186
3573,P000186
3574,P000817
3575,P003084
3576,P003799
3577,P003850
3578,P002604
3579,P000817
3580,P001287
3581,P001913
3582,P000817
3583,P001287
3584,P000817
3585,P002723
3586,P002422
3587,P000817
3588,P000953
3589,P000817
3590,P000817
3591,P000817
3592,P002723
3593,P002371
3594,P000817
3595,P001584
3596,P000600
3597,P000817
3598,P001119
3599,P000753
3600,P000010
3601,P002158
3602,P000817
3603,P000753
3604,P000010
3605,P000493
3606,P002360
3607,P002947
3608,P000753
3609,P002524
3610,P000753
3611,P000010
3612,P002947
3613,P002533
3614,P002355
3615,P002355
3616,P002355
3617,P001273
3618,P002355
3619,P001087
3620,P000951
3621,P000316
3622,P002390
3623,P002355
3624,P003540
3625,P003510
3626,P001296
3627,P000753
3628,P000010
3629,P001985
3630,P000017
3631,P000753
3632,P002158
3633,P000010
3634,P000277
3635,P001826
3636,P002165
3637,P002165
3638,P002914
3639,P000625
3640,P000212
3641,P001005
3642,P001005
3643,P001005
3644,P001005
3645,P001005
3646,P001005
3647,P000753
3648,P000753
3649,P002653
3650,P000753
3651,P001495
3652,P002556
3653,P000418
3654,P002734
3655,P003068
3656,P000531
3657,P003813
3658,P002763
3659,P003068
3660,P000531
3661,P002225
3662,P003068
3663,P000127
3664,P002094
3665,P003353
3666,P002094
3667,P002094
3668,P001368
3669,P001073
3670,P001161
3671,P003470
3672,P001161
3673,P002626
3674,P001245
3675,P001161
3676,P002598
3677,P002642
3678,P003068
3679,P000531
3680,P001161
3681,P001161
3682,P001161
3683,P001597
3684,P001597
3685,P003711
3686,P003166
3687,P000100
3688,P002839
3689,P001231
3690,P000401
3691,P003484
3692,P003342
3693,P003126
3694,P001279
3695,P001279
3696,P000158
3697,P002344
3698,P003230
3699,P001279
3700,P001279
3701,P000204
3702,P003753
3703,P001279
3704,P003084
3705,P003164
3706,P003084
3707,P003084
3708,P002517
3709,P003308
3710,P003308
3711,P000184
3712,P002759
3713,P003308
3714,P003153
3715,P003484
3716,P003809
3717,P002375
3718,P003809
3719,P000129
3720,P003809
3721,P002513
3722,P002625
3723,P000462
3724,P000462
3725,P001467
3726,P002377
3727,P000462
3728,P000204
3729,P003753
3730,P001952
3731,P001580
3732,P000550
3733,P001897
3734,P002309
3735,P002172
3736,P000550
3737,P000550
3738,P003274
3739,P002327
3740,P001399
3741,P001399
3742,P001548
3743,P001399
3744,P001399
3745,P000566
3746,P001399
3747,P000597
3748,P001162
3749,P001399
3750,P001399
3751,P001399
3752,P003530
3753,P001177
3754,P003530
3755,P002602
3756,P001207
3757,P002602
3758,P002602
3759,P002602
3760,P002602
3761,P001033
3762,P000829
3763,P002682
3764,P001195
3765,P001725
3766,P001725
3767,P001121
3768,P001725
3769,P000340
3770,P001725
3771,P001725
3772,P000520
3773,P000204
3774,P003753
3775,P001725
3776,P001145
3777,P001725
3778,P001174
3779,P000204
3780,P000204
3781,P000938
3782,P000204
3783,P001530
3784,P001685
3785,P003546
3786,P003595
3787,P002060
3788,P000204
3789,P001685
3790,P003546
3791,P000204
3792,P001690
3793,P000204
3794,P000204
3795,P000204
3796,P003571
3797,P000211
3798,P001069
3799,P002322
3800,P002322
3801,P002149
3802,P000452
3803,P002712
3804,P002322
3805,P002638
3806,P001354
3807,P000572
3808,P002322
3809,P003335
3810,P003335
3811,P001362
3812,P002459
3813,P001397
3814,P001362
3815,P001362
3816,P001362
3817,P001362
3818,P002254
3819,P002459
3820,P001203
3821,P001362
3822,P000051
3823,P000051
3824,P001357
3825,P003463
3826,P000265
3827,P000265
3828,P001576
3829,P000241
3830,P003604
3831,P001690
3832,P000265
3833,P001576
3834,P000241
3835,P003604
3836,P000206
3837,P002961
3838,P000265
3839,P000265
3840,P000077
3841,P000265
3842,P000265
3843,P003144
3844,P001513
3845,P002756
3846,P003769
3847,P002377
3848,P003761
3849,P003323
3850,P003761
3851,P001667
3852,P000529
3853,P001726
3854,P003761
3855,P001853
3856,P001833
3857,P002520
3858,P000976
3859,P000667
3860,P000796
3861,P002377
3862,P002377
3863,P000921
3864,P002377
3865,P002873
3866,P001571
3867,P002377
3868,P002377
3869,P002377
3870,P002377
3871,P003807
3872,P003807
3873,P003807
3874,P001234
3875,P001249
3876,P002153
3877,P002153
3878,P000938
3879,P002480
3880,P002153
3881,P002153
3882,P000667
3883,P002150
3884,P002153
3885,P000822
3886,P001685
3887,P001685
3888,P001685
3889,P002503
3890,P003071
3891,P002742
3892,P001685
3893,P001685
3894,P001685
3895,P000724
3896,P000724
3897,P000471
3898,P002848
3899,P000724
3900,P003388
3901,P003388
3902,P001282
3903,P003388
3904,P003388
3905,P000749
3906,P000135
3907,P002608
3908,P003729
3909,P000533
3910,P000098
3911,P000098
3912,P001589
3913,P000098
3914,P000098
3915,P000098
3916,P000098
3917,P000098
3918,P000976
3919,P000667
3920,P001206
3921,P002663
3922,P003700
3923,P001244
3924,P002089
3925,P002034
3926,P002034
3927,P001348
3928,P002998
3929,P002034
3930,P000116
3931,P002999
3932,P001628
3933,P002034
3934,P002321
3935,P003818
3936,P000293
3937,P003674
3938,P003674
3939,P003674
3940,P003003
3941,P000477
3942,P001388
3943,P001388
3944,P001388
3945,P003345
3946,P001388
3947,P003359
3948,P001388
3949,P003132
3950,P001388
3951,P001388
3952,P002609
3953,P002609
3954,P003098
3955,P001870
3956,P002859
3957,P002923
3958,P001085
3959,P000077
3960,P002650
3961,P000765
3962,P000077
3963,P000080
3964,P003184
3965,P003800
3966,P000506
3967,P000251
3968,P001947
3969,P002999
3970,P001628
3971,P003184
3972,P003034
3973,P001592
3974,P000079
3975,P000079
3976,P000739
3977,P000079
3978,P002109
3979,P003649
3980,P002976
3981,P002991
3982,P000254
3983,P000984
3984,P000976
3985,P000915
3986,P002817
3987,P000928
3988,P000431
3989,P000928
3990,P000928
3991,P002458
3992,P000928
3993,P001030
3994,P000587
3995,P003618
3996,P000739
3997,P000739
3998,P000739
3999,P003847
4000,P000552
4001,P002497
4002,P002199
4003,P001698
4004,P001353
4005,P003847
4006,P002755
4007,P000036
4008,P003847
4009,P000090
4010,P003847
4011,P001104
4012,P003857
4013,P000627
4014,P002471
4015,P003466
4016,P001284
4017,P001284
4018,P000465
4019,P001657
4020,P000637
4021,P001120
4022,P002452
4023,P003235
4024,P000421
4025,P002914
4026,P002914
4027,P002914
4028,P002914
4029,P003591
4030,P000419
4031,P000283
4032,P002914
4033,P000774
4034,P001044
4035,P000359
4036,P002239
4037,P002239
4038,P002239
4039,P000882
4040,P002239
4041,P002239
4042,P002239
4043,P003778
4044,P002239
4045,P002239
4046,P002239
4047,P003687
4048,P003054
4049,P000888
4050,P003188
4051,P003687
4052,P001260
4053,P003436
4054,P003687
4055,P001260
4056,P002726
4057,P001844
4058,P003436
4059,P003436
4060,P002717
4061,P003436
4062,P003687
4063,P003557
4064,P003436
4065,P002114
4066,P003493
4067,P003493
4068,P003493
4069,P002390
4070,P003493
4071,P001372
4072,P000136
4073,P000136
4074,P000695
4075,P002495
4076,P000927
4077,P002439
4078,P000695
4079,P003305
4080,P003837
4081,P003837
4082,P002441
4083,P003837
4084,P002082
4085,P003687
4086,P002724
4087,P000407
4088,P003687
4089,P001260
4090,P003687
4091,P003687
4092,P001260
4093,P002268
4094,P002268
4095,P001819
4096,P001227
4097,P001227
4098,P001227
4099,P003341
4100,P000755
4101,P000290
4102,P001498
4103,P000595
4104,P001871
4105,P003580
4106,P000768
4107,P001498
4108,P001498
4109,P001208
4110,P001414
4111,P003241
4112,P003035
4113,P003785
4114,P002353
4115,P003785
4116,P003785
4117,P000628
4118,P000628
4119,P000432
4120,P003165
4121,P002771
4122,P001483
4123,P001483
4124,P003656
4125,P001871
4126,P000262
4127,P000043
4128,P001699
4129,P003355
4130,P001699
4131,P001699
4132,P001699
4133,P003355
4134,P002434
4135,P001699
4136,P001699
4137,P002816
4138,P001995
4139,P001699
4140,P001699
4141,P000665
4142,P001731
4143,P001699
4144,P001699
4145,P002816
4146,P001995
4147,P002414
4148,P001699
4149,P002529
4150,P002304
4151,P001699
4152,P001699
4153,P000068
4154,P003306
4155,P003762
4156,P001618
4157,P001573
4158,P003338
4159,P002668
4160,P003377
4161,P003377
4162,P003456
4163,P003377
4164,P001259
4165,P000470
4166,P003377
4167,P003377
4168,P002700
4169,P001282
4170,P000686
4171,P002540
4172,P002540
4173,P000758
4174,P001410
4175,P001791
4176,P000179
4177,P000962
4178,P001906
4179,P000962
4180,P003329
4181,P003260
4182,P000962
4183,P000962
4184,P001928
4185,P001520
4186,P000876
4187,P003306
4188,P001418
4189,P001638
4190,P001830
4191,P001928
4192,P001548
4193,P000408
4194,P001928
4195,P001548
4196,P001640
4197,P002266
4198,P001640
4199,P001640
4200,P002591
4201,P002591
4202,P001262
4203,P000561
4204,P002591
4205,P002591
4206,P002591
4207,P000172
4208,P002591
4209,P002591
4210,P000668
4211,P002447
4212,P000994
4213,P002640
4214,P002640
4215,P002640
4216,P002640
4217,P002640
4218,P002640
4219,P002640
4220,P002640
4221,P001144
4222,P001670
4223,P001022
4224,P003237
4225,P000870
4226,P000699
4227,P003836
4228,P000064
4229,P001152
4230,P002699
4231,P003041
4232,P002753
4233,P002699
4234,P001424
4235,P000699
4236,P000699
4237,P000699
4238,P002511
4239,P002942
4240,P000699
4241,P000664
4242,P000699
4243,P002075
4244,P003233
4245,P000699
4246,P001172
4247,P001535
4248,P002593
4249,P002095
4250,P002818
4251,P002511
4252,P003511
4253,P002240
4254,P003358
4255,P002593
4256,P000845
4257,P001522
4258,P000304
4259,P003382
4260,P002649
4261,P000551
4262,P000606
4263,P000444
4264,P002649
4265,P002649
4266,P001910
4267,P001717
4268,P000919
4269,P001783
4270,P003484
4271,P002363
4272,P001385
4273,P003209
4274,P003257
4275,P000606
4276,P000752
4277,P000420
4278,P001928
4279,P002919
4280,P001575
4281,P001575
4282,P002803
4283,P003313
4284,P001354
4285,P003506
4286,P003534
4287,P001350
4288,P001390
4289,P002132
4290,P003585
4291,P001350
4292,P001350
4293,P001350
4294,P001350
4295,P000606
4296,P000895
4297,P000384
4298,P000126
4299,P001461
4300,P003079
4301,P000606
4302,P000444
4303,P001461
4304,P000226
4305,P003171
4306,P002054
4307,P001461
4308,P001461
4309,P000857
4310,P000857
4311,P000857
4312,P003593
4313,P003183
4314,P003183
4315,P002462
4316,P001704
4317,P002563
4318,P001713
4319,P001588
4320,P003183
4321,P002821
4322,P001225
4323,P003183
4324,P001553
4325,P003172
4326,P003183
4327,P003183
4328,P001704
4329,P003359
4330,P000412
4331,P003183
4332,P003183
4333,P002721
4334,P001468
4335,P002721
4336,P003772
4337,P001813
4338,P003391
4339,P002041
4340,P003294
4341,P002721
4342,P003194
4343,P003103
4344,P003194
4345,P001474
4346,P003194
4347,P000936
4348,P003194
4349,P003194
4350,P003453
4351,P002191
4352,P003150
4353,P000440
4354,P001507
4355,P002933
4356,P001779
4357,P001442
4358,P000440
4359,P000440
4360,P000676
4361,P002978
4362,P002978
4363,P002978
4364,P003772
4365,P001813
4366,P002978
4367,P002978
4368,P000980
4369,P002978
4370,P000980
4371,P003195
4372,P003293
4373,P003293
4374,P003293
4375,P002958
4376,P001903
4377,P003293
4378,P001688
4379,P003293
4380,P003293
4381,P003828
4382,P003645
4383,P003700
4384,P003805
4385,P003609
4386,P000321
4387,P000520
4388,P000854
4389,P001131
4390,P000520
4391,P000854
4392,P001131
4393,P002329
4394,P001131
4395,P001131
4396,P000191
4397,P000372
4398,P001505
4399,P002443
4400,P003139
4401,P001534
4402,P001617
4403,P001208
4404,P003277
4405,P001532
4406,P001313
4407,P001313
4408,P000138
4409,P001313
4410,P002628
4411,P001313
4412,P002585
4413,P000516
4414,P000191
4415,P003140
4416,P002869
4417,P000191
4418,P001505
4419,P003752
4420,P003752
4421,P000742
4422,P000082
4423,P003752
4424,P003752
4425,P003752
4426,P003752
4427,P001609
4428,P000191
4429,P000734
4430,P003752
4431,P002943
4432,P000568
4433,P002272
4434,P000191
4435,P001505
4436,P003752
4437,P002047
4438,P001772
4439,P001772
4440,P002038
4441,P002038
4442,P000114
4443,P001814
4444,P000604
4445,P000389
4446,P003373
4447,P002543
4448,P002038
4449,P003693
4450,P000324
4451,P000324
4452,P000324
4453,P000324
4454,P000324
4455,P000324
4456,P000604
4457,P002272
4458,P000324
4459,P001070
4460,P000324
4461,P003815
4462,P000324
4463,P000262
4464,P002569
4465,P000501
4466,P000943
4467,P003483
4468,P000657
4469,P002233
4470,P000944
4471,P000042
4472,P002510
4473,P001083
4474,P001083
4475,P001083
4476,P003162
4477,P001268
4478,P003300
4479,P001926
4480,P000803
4481,P000604
4482,P002010
4483,P002272
4484,P003721
4485,P002650
4486,P003435
4487,P002263
4488,P001074
4489,P003435
4490,P003851
4491,P003851
4492,P003851
4493,P000130
4494,P002974
4495,P003580
4496,P000604
4497,P001255
4498,P003282
4499,P000080
4500,P003580
4501,P003580
4502,P000338
4503,P000604
4504,P003721
4505,P002272
4506,P000338
4507,P000338
4508,P003155
4509,P000203
4510,P000203
4511,P002351
4512,P003783
4513,P000573
4514,P001185
4515,P000069
4516,P001290
4517,P003505
4518,P002614
4519,P003841
4520,P003505
4521,P002255
4522,P001450
4523,P003505
4524,P000973
4525,P000973
4526,P003714
4527,P003485
4528,P003190
4529,P000525
4530,P001787
4531,P003660
4532,P003714
4533,P002583
4534,P002488
4535,P000698
4536,P003660
4537,P003076
4538,P003076
4539,P000660
4540,P003714
4541,P003401
4542,P001607
4543,P001704
4544,P001704
4545,P001704
4546,P002549
4547,P000918
4548,P002285
4549,P000918
4550,P000918
4551,P003714
4552,P003401
4553,P003342
4554,P000356
4555,P001858
4556,P002052
4557,P002875
4558,P001858
4559,P001858
4560,P002139
4561,P003645
4562,P003645
4563,P000835
4564,P000592
4565,P001945
4566,P000208
4567,P002950
4568,P002341
4569,P001750
4570,P003214
4571,P000208
4572,P000208
4573,P000075
4574,P002395
4575,P003083
4576,P000731
4577,P000329
4578,P003083
4579,P003083
4580,P002052
4581,P002241
4582,P002204
4583,P003083
4584,P002052
4585,P002241
4586,P003256
4587,P003793
4588,P003816
4589,P003605
4590,P000990
4591,P000931
4592,P002958
4593,P000782
4594,P001430
4595,P003562
4596,P001637
4597,P003734
4598,P000931
4599,P002958
4600,P003734
4601,P003734
4602,P001464
4603,P001349
4604,P000053
4605,P002928
4606,P000649
4607,P003734
4608,P001712
4609,P003558
4610,P002485
4611,P003734
4612,P001384
4613,P003734
4614,P002127
4615,P000311
4616,P001637
4617,P000311
4618,P001215
4619,P001193
4620,P002193
4621,P002127
4622,P001449
4623,P001449
4624,P001193
4625,P001694
4626,P003498
4627,P001449
4628,P002488
4629,P001193
4630,P003007
4631,P001159
4632,P001193
4633,P003007
4634,P003779
4635,P003307
4636,P002168
4637,P002283
4638,P001027
4639,P001695
4640,P001695
4641,P001086
4642,P002142
4643,P001641
4644,P001641
4645,P001641
4646,P002682
4647,P003779
4648,P001799
4649,P003723
4650,P001851
4651,P003552
4652,P000295
4653,P001813
4654,P003391
4655,P002041
4656,P002755
4657,P000555
4658,P000017
4659,P001766
4660,P001766
4661,P000447
4662,P003040
4663,P001766
4664,P000953
4665,P000953
4666,P003458
4667,P003458
4668,P002728
4669,P002198
4670,P002381
4671,P000614
4672,P001502
4673,P002512
4674,P001077
4675,P001077
4676,P001077
4677,P001936
4678,P002198
4679,P002381
4680,P000967
4681,P001077
4682,P001077
4683,P001295
4684,P000348
4685,P001077
4686,P000299
4687,P001992
4688,P000231
4689,P001848
4690,P002447
4691,P003051
4692,P001293
4693,P002447
4694,P002918
4695,P002447
4696,P001295
4697,P000348
4698,P002666
4699,P000386
4700,P001666
4701,P001015
4702,P000604
4703,P001416
4704,P001508
4705,P002799
4706,P003769
4707,P000604
4708,P000866
4709,P002650
4710,P002902
4711,P000635
4712,P001874
4713,P002777
4714,P001624
4715,P001874
4716,P003671
4717,P003380
4718,P001857
4719,P003708
4720,P003708
4721,P001343
4722,P002077
4723,P002077
4724,P002077
4725,P001666
4726,P001015
4727,P003718
4728,P002815
4729,P002077
4730,P001705
4731,P002077
4732,P002077
4733,P000235
4734,P001727
4735,P002646
4736,P002348
4737,P000896
4738,P002348
4739,P002348
4740,P003147
4741,P000975
4742,P002348
4743,P002348
4744,P002348
4745,P001756
4746,P001122
4747,P003719
4748,P003719
4749,P001666
4750,P003718
4751,P003719
4752,P001964
4753,P003581
4754,P003070
4755,P000839
4756,P001569
4757,P002903
4758,P001194
4759,P003846
4760,P000624
4761,P002903
4762,P002531
4763,P003309
4764,P002903
4765,P002549
4766,P002531
4767,P002178
4768,P002549
4769,P003045
4770,P001323
4771,P002676
4772,P001398
4773,P001398
4774,P001398
4775,P002900
4776,P002786
4777,P001845
4778,P002765
4779,P002531
4780,P003309
4781,P001905
4782,P001398
4783,P001398
4784,P003644
4785,P003644
4786,P003644
4787,P003644
4788,P003748
4789,P001121
4790,P003749
4791,P003389
4792,P003644
4793,P003644
4794,P002604
4795,P002220
4796,P001591
4797,P000865
4798,P000865
4799,P000865
4800,P000865
4801,P000726
4802,P001490
4803,P001954
4804,P003023
4805,P002285
4806,P003023
4807,P001690
4808,P001333
4809,P000638
4810,P001690
4811,P001644
4812,P002031
4813,P001690
4814,P001690
4815,P001690
4816,P001331
4817,P000482
4818,P000672
4819,P003808
4820,P001690
4821,P000402
4822,P001690
4823,P001690
4824,P001690
4825,P002197
4826,P000070
4827,P000070
4828,P002605
4829,P000070
4830,P000886
4831,P001605
4832,P002677
4833,P001763
4834,P001596
4835,P001970
4836,P001970
4837,P001970
4838,P001970
4839,P003156
4840,P001154
4841,P001765
4842,P001981
4843,P002081
4844,P000564
4845,P002702
4846,P002702
4847,P001484
4848,P000471
4849,P000471
4850,P000668
4851,P000876
4852,P000876
4853,P000876
4854,P000876
4855,P003415
4856,P002081
4857,P002992
4858,P001633
4859,P000876
4860,P003087
4861,P002917
4862,P000926
4863,P003479
4864,P000876
4865,P000280
4866,P002907
4867,P001327
4868,P000280
4869,P001931
4870,P000142
4871,P000337
4872,P001197
4873,P000280
4874,P001132
4875,P003410
4876,P000086
4877,P001594
4878,P002453
4879,P002782
4880,P002508
4881,P000988
4882,P002508
4883,P000279
4884,P001464
4885,P001464
4886,P001464
4887,P002221
4888,P000903
4889,P001137
4890,P002847
4891,P001986
4892,P000926
4893,P003479
4894,P001115
4895,P002194
4896,P001018
4897,P002971
4898,P001986
4899,P002928
4900,P000961
4901,P000701
4902,P003037
4903,P000239
4904,P000340
4905,P003037
4906,P000270
4907,P000322
4908,P000322
4909,P002599
4910,P002599
4911,P003130
4912,P000239
4913,P000340
4914,P003130
4915,P000499
4916,P001779
4917,P003060
4918,P000287
4919,P001432
4920,P000499
4921,P003858
4922,P000499
4923,P003611
4924,P000860
4925,P000499
4926,P002090
4927,P002090
4928,P002090
4929,P002090
4930,P002090
4931,P002456
4932,P002090
4933,P000239
4934,P000340
4935,P002090
4936,P002090
4937,P002090
4938,P002090
4939,P002090
4940,P002090
4941,P003648
4942,P001454
4943,P001454
4944,P001454
4945,P000466
4946,P000466
4947,P000487
4948,P001448
4949,P001448
4950,P001913
4951,P002311
4952,P002202
4953,P002130
4954,P001474
4955,P002202
4956,P001578
4957,P003572
4958,P001308
4959,P002210
4960,P003863
4961,P003573
4962,P003573
4963,P002130
4964,P001037
4965,P003573
4966,P003573
4967,P002601
4968,P003573
4969,P003573
4970,P002712
4971,P003812
4972,P003573
4973,P003573
4974,P003573
4975,P003573
4976,P003573
4977,P000593
4978,P001039
4979,P000593
4980,P000593
4981,P000723
4982,P003131
4983,P000312
4984,P002634
4985,P000593
4986,P000023
4987,P003356
4988,P001544
4989,P000260
4990,P000722
4991,P002193
4992,P002958
4993,P002958
4994,P000209
4995,P001813
4996,P003801
4997,P001463
4998,P002659
4999,P001676
5000,P000868
5001,P001463
5002,P002450
5003,P003806
5004,P000802
5005,P002332
5006,P002450
5007,P000068
5008,P000068
5009,P002866
5010,P001190
5011,P001190
5012,P001190
5013,P000684
5014,P001190
5015,P002727
5016,P001377
5017,P002832
5018,P001377
5019,P001377
5020,P003689
5021,P002404
5022,P001377
5023,P001856
5024,P000991
5025,P000524
5026,P003689
5027,P002404
5028,P003764
5029,P003797
5030,P001377
5031,P001377
5032,P001377
5033,P003588
5034,P001127
5035,P001377
5036,P001377
5037,P003588
5038,P001127
5039,P001075
5040,P000563
5041,P000363
5042,P000363
5043,P002605
5044,P002605
5045,P002605
5046,P002003
5047,P000655
5048,P000735
5049,P001396
5050,P002003
5051,P002003
5052,P002003
5053,P002003
5054,P002003
5055,P003278
5056,P003526
5057,P002484
5058,P002003
5059,P002864
5060,P002864
5061,P000067
5062,P002864
5063,P002864
5064,P003278
5065,P003526
5066,P000131
5067,P002695
5068,P002705
5069,P001095
5070,P000480
5071,P000480
5072,P000480
5073,P000480
5074,P000794
5075,P000480
5076,P000480
5077,P001054
5078,P003741
5079,P003718
5080,P001015
5081,P000927
5082,P001169
5083,P000927
5084,P002693
5085,P000927
5086,P000927
5087,P000927
5088,P000927
5089,P000745
5090,P000927
5091,P000927
5092,P003196
5093,P000235
5094,P000030
5095,P000235
5096,P001378
5097,P002492
5098,P000509
5099,P002577
5100,P002929
5101,P000560
5102,P002389
5103,P002389
5104,P000896
5105,P002389
5106,P002389
5107,P003331
5108,P003738
5109,P003736
5110,P001796
5111,P001796
5112,P000150
5113,P000141
5114,P001796
5115,P001301
5116,P001330
5117,P003047
5118,P003275
5119,P003275
5120,P001847
5121,P001847
5122,P003330
5123,P000577
5124,P000111
5125,P001752
5126,P000339
5127,P001752
5128,P002227
5129,P002770
5130,P000997
5131,P000400
5132,P003324
5133,P000997
5134,P002198
5135,P001659
5136,P000614
5137,P002198
5138,P002526
5139,P001629
5140,P003039
5141,P001009
5142,P003292
5143,P003044
5144,P001111
5145,P000380
5146,P003438
5147,P002152
5148,P000273
5149,P002758
5150,P003684
5151,P002000
5152,P003357
5153,P002400
5154,P003311
5155,P001957
5156,P001957
5157,P001957
5158,P002984
5159,P000197
5160,P000380
5161,P002930
5162,P002458
5163,P000648
5164,P001957
5165,P003325
5166,P002364
5167,P001526
5168,P003386
5169,P001957
5170,P003077
5171,P003698
5172,P003496
5173,P000380
5174,P003805
5175,P001625
5176,P001625
5177,P001625
5178,P001883
5179,P000834
5180,P001845
5181,P001883
5182,P001883
5183,P000439
5184,P000439
5185,P000439
5186,P002335
5187,P002335
5188,P001542
5189,P001807
5190,P001635
5191,P001035
5192,P001035
5193,P000380
5194,P003494
5195,P002040
5196,P002567
5197,P003199
5198,P002567
5199,P000559
5200,P000985
5201,P001427
5202,P000559
5203,P000559
5204,P000559
5205,P002715
5206,P003824
5207,P000618
5208,P002104
5209,P002715
5210,P000474
5211,P002113
5212,P000748
5213,P002715
5214,P000380
5215,P003494
5216,P002715
5217,P000934
5218,P002715
5219,P003832
5220,P002730
5221,P001204
5222,P001270
5223,P000902
5224,P003418
5225,P003418
5226,P000791
5227,P002091
5228,P000621
5229,P002189
5230,P000791
5231,P001242
5232,P000704
5233,P001459
5234,P001459
5235,P002091
5236,P000621
5237,P001886
5238,P001459
5239,P001010
5240,P002501
5241,P003440
5242,P001010
5243,P000300
5244,P001010
5245,P002197
5246,P001010
5247,P002197
5248,P001459
5249,P001306
5250,P001306
5251,P001656
5252,P002543
5253,P003392
5254,P001656
5255,P001101
5256,P000094
5257,P001656
5258,P003371
5259,P000814
5260,P000727
5261,P001230
5262,P000584
5263,P001101
5264,P000094
5265,P001000
5266,P000083
5267,P001230
5268,P001230
5269,P003406
5270,P001230
5271,P000936
5272,P000936
5273,P002531
5274,P001711
5275,P001737
5276,P001612
5277,P000016
5278,P000785
5279,P000785
5280,P001069
5281,P000785
5282,P001898
5283,P002072
5284,P000608
5285,P000785
5286,P000887
5287,P001880
5288,P001880
5289,P000394
5290,P001505
5291,P001505
5292,P001505
5293,P000788
5294,P001505
5295,P002534
5296,P001505
5297,P001505
5298,P001505
5299,P003012
5300,P001000
5301,P000642
5302,P001489
5303,P003012
5304,P000866
5305,P000038
5306,P002714
5307,P001811
5308,P000787
5309,P002971
5310,P003012
5311,P003392
5312,P001154
5313,P001488
5314,P000181
5315,P000375
5316,P001983
5317,P001983
5318,P001983
5319,P001983
5320,P000597
5321,P000415
5322,P000299
5323,P003394
5324,P000850
5325,P001282
5326,P001282
5327,P003732
5328,P000181
5329,P000375
5330,P001581
5331,P001079
5332,P003732
5333,P002858
5334,P003185
5335,P002858
5336,P002482
5337,P002527
5338,P002858
5339,P001471
5340,P000974
5341,P002858
5342,P000064
5343,P001220
5344,P003061
5345,P000508
5346,P001115
5347,P001491
5348,P001536
5349,P001115
5350,P001115
5351,P001115
5352,P002399
5353,P003759
5354,P001115
5355,P000332
5356,P001115
5357,P001115
5358,P000064
5359,P000815
5360,P003683
5361,P003683
5362,P001316
5363,P003826
5364,P003683
5365,P000064
5366,P001220
5367,P001157
5368,P000907
5369,P003336
5370,P003336
5371,P003327
5372,P002028
5373,P000574
5374,P002884
5375,P002890
5376,P003336
5377,P003336
5378,P000756
5379,P003336
5380,P001319
5381,P000534
5382,P002862
5383,P002862
5384,P003467
5385,P001961
5386,P003467
5387,P000605
5388,P000605
5389,P000024
5390,P000605
5391,P002863
5392,P002008
5393,P000605
5394,P000605
5395,P003059
5396,P000605
5397,P001143
5398,P000221
5399,P003735
5400,P001143
5401,P001143
5402,P002705
5403,P001072
5404,P002085
5405,P001610
5406,P002940
5407,P002895
5408,P002085
5409,P001610
5410,P001341
5411,P001933
5412,P001072
5413,P000537
5414,P002437
5415,P002065
5416,P001447
5417,P001447
5418,P000418
5419,P001447
5420,P001792
5421,P001274
5422,P002243
5423,P003515
5424,P001447
5425,P000925
5426,P003460
5427,P001294
5428,P002156
5429,P003348
5430,P001915
5431,P001915
5432,P001915
5433,P001915
5434,P002156
5435,P001965
5436,P002152
5437,P002152
5438,P002369
5439,P003764
5440,P002404
5441,P002846
5442,P002152
5443,P000239
5444,P000239
5445,P000126
5446,P000239
5447,P001231
5448,P001231
5449,P002146
5450,P002146
5451,P003087
5452,P002926
5453,P002146
5454,P002146
5455,P000730
5456,P002766
5457,P001093
5458,P000253
5459,P002125
5460,P002125
5461,P001680
5462,P000775
5463,P003120
5464,P000780
5465,P003434
5466,P002016
5467,P000562
5468,P003812
5469,P002069
5470,P002876
5471,P003586
5472,P002311
5473,P000570
5474,P000570
5475,P000570
5476,P000570
5477,P000570
5478,P000570
5479,P000418
5480,P002710
5481,P000570
5482,P000570
5483,P000570
5484,P002056
5485,P002388
5486,P000937
5487,P001315
5488,P003297
5489,P002336
5490,P002613
5491,P002056
5492,P002388
5493,P000195
5494,P003516
5495,P003770
5496,P003481
5497,P002213
5498,P003191
5499,P003481
5500,P001281
5501,P000171
5502,P003481
5503,P003267
5504,P003810
5505,P001050
5506,P002939
5507,P002027
5508,P002027
5509,P002027
5510,P003422
5511,P001951
5512,P001951
5513,P001951
5514,P002722
5515,P002722
5516,P001340
5517,P001340
5518,P003461
5519,P000820
5520,P001777
5521,P000044
5522,P001340
5523,P001769
5524,P003340
5525,P001877
5526,P000172
5527,P003642
5528,P002477
5529,P003642
5530,P000049
5531,P001506
5532,P002458
5533,P003095
5534,P001236
5535,P001820
5536,P002458
5537,P002331
5538,P003642
5539,P003697
5540,P003642
5541,P002312
5542,P000145
5543,P002458
5544,P002856
5545,P002310
5546,P001854
5547,P003642
5548,P000288
5549,P002458
5550,P000468
5551,P003222
5552,P002969
5553,P002521
5554,P003642
5555,P001669
5556,P001669
5557,P001669
5558,P001669
5559,P001669
5560,P001669
5561,P001669
5562,P000789
5563,P001669
5564,P000754
5565,P001669
5566,P001669
5567,P000274
5568,P000566
5569,P002057
5570,P002057
5571,P002057
5572,P002057
5573,P002057
5574,P002383
5575,P002468
5576,P003420
5577,P002057
5578,P003238
5579,P000364
5580,P003298
5581,P003238
5582,P000945
5583,P002603
5584,P002603
5585,P002603
5586,P002603
5587,P003461
5588,P003461
5589,P003461
5590,P001769
5591,P002458
5592,P002856
5593,P003461
5594,P000820
5595,P002148
5596,P003461
5597,P002032
5598,P001499
5599,P003163
5600,P002439
5601,P002439
5602,P002456
5603,P002456
5604,P002456
5605,P001674
5606,P002456
5607,P002458
5608,P002856
5609,P002456
5610,P002456
5611,P003661
5612,P003462
5613,P002273
5614,P001852
5615,P001318
5616,P002861
5617,P001523
5618,P002121
5619,P000829
5620,P001863
5621,P001867
5622,P000829
5623,P000829
5624,P000829
5625,P003136
5626,P000630
5627,P000081
5628,P000081
5629,P000778
5630,P000341
5631,P001665
5632,P002496
5633,P002707
5634,P001281
5635,P002965
5636,P002496
5637,P002496
5638,P003560
5639,P001920
5640,P003667
5641,P001757
5642,P001863
5643,P002838
5644,P003731
5645,P003731
5646,P002367
5647,P000847
5648,P000847
5649,P002352
5650,P000005
5651,P003852
5652,P000771
5653,P002352
5654,P000005
5655,P000725
5656,P002534
5657,P000632
5658,P001152
5659,P000939
5660,P002886
5661,P001705
5662,P003565
5663,P001753
5664,P001751
5665,P000556
5666,P000583
5667,P000216
5668,P002420
5669,P002420
5670,P003524
5671,P001972
5672,P003429
5673,P003429
5674,P003429
5675,P003704
5676,P002264
5677,P001336
5678,P001412
5679,P001169
5680,P001169
5681,P001169
5682,P001169
5683,P003604
5684,P000241
5685,P000450
5686,P000139
5687,P003363
5688,P003363
5689,P003295
5690,P003041
5691,P003245
5692,P003213
5693,P001887
5694,P003610
5695,P000820
5696,P003588
5697,P001707
5698,P001662
5699,P000369
5700,P003258
5701,P002079
5702,P002215
5703,P003307
5704,P000707
5705,P000883
5706,P003402
5707,P001052
5708,P002103
5709,P002103
5710,P000617
5711,P001247
5712,P002996
5713,P001336
5714,P003307
5715,P000707
5716,P001097
5717,P001023
5718,P001336
5719,P002615
5720,P002615
5721,P003475
5722,P001545
5723,P000014
5724,P000014
5725,P000794
5726,P003237
5727,P000198
5728,P000014
5729,P000414
5730,P000840
5731,P000014
5732,P002401
5733,P002231
5734,P002231
5735,P003718
5736,P000180
5737,P003462
5738,P000885
5739,P002533
5740,P003653
5741,P003312
5742,P000422
5743,P002533
5744,P001838
5745,P003743
5746,P002741
5747,P003737
5748,P003737
5749,P001771
5750,P000283
5751,P000419
5752,P001997
5753,P003737
5754,P002318
5755,P003737
5756,P003478
5757,P003354
5758,P003102
5759,P003737
5760,P001472
5761,P001639
5762,P000283
5763,P000419
5764,P001948
5765,P000519
5766,P000519
5767,P003298
5768,P003694
5769,P000360
5770,P001604
5771,P002031
5772,P001560
5773,P003009
5774,P003009
5775,P002518
5776,P001486
5777,P001278
5778,P000140
5779,P000140
5780,P000140
5781,P000796
5782,P000140
5783,P000140
5784,P002612
5785,P002588
5786,P002391
5787,P002821
5788,P002455
5789,P003310
5790,P001337
5791,P003298
5792,P003694
5793,P002422
5794,P001673
5795,P001337
5796,P001337
5797,P000970
5798,P001337
5799,P001170
5800,P001170
5801,P001235
5802,P001487
5803,P001583
5804,P003526
5805,P001170
5806,P001710
5807,P001170
5808,P002909
5809,P000380
5810,P000380
5811,P000380
5812,P002716
5813,P000431
5814,P000380
5815,P000380
5816,P001224
5817,P000873
5818,P000873
5819,P000197
5820,P000352
5821,P000747
5822,P003112
5823,P001756
5824,P002024
5825,P001802
5826,P000794
5827,P003713
5828,P001820
5829,P000807
5830,P001820
5831,P001037
5832,P000549
5833,P003332
5834,P002340
5835,P000059
5836,P000371
5837,P000371
5838,P000275
5839,P000371
5840,P000411
5841,P000371
5842,P001671
5843,P001661
5844,P003134
5845,P002004
5846,P001142
5847,P001671
5848,P001860
5849,P000497
5850,P000159
5851,P002926
5852,P001188
5853,P003124
5854,P002501
5855,P002501
5856,P002838
5857,P002482
5858,P001909
5859,P001909
5860,P003765
5861,P002366
5862,P000623
5863,P001909
5864,P000696
5865,P000716
5866,P003338
5867,P003338
5868,P002098
5869,P001800
5870,P000643
5871,P003338
5872,P003338
5873,P003338
5874,P003059
5875,P001746
5876,P000666
5877,P001507
5878,P001507
5879,P002681
5880,P000636
5881,P003137
5882,P003112
5883,P003112
5884,P003112
5885,P003618
5886,P003618
5887,P000890
5888,P003618
5889,P000019
5890,P003205
5891,P001810
5892,P003066
5893,P002024
5894,P002833
5895,P003066
5896,P003066
5897,P003066
5898,P003066
5899,P002080
5900,P000801
5901,P002185
5902,P002185
5903,P003404
5904,P002185
5905,P003542
5906,P002234
5907,P003273
5908,P000515
5909,P003789
5910,P002838
5911,P001867
5912,P002966
5913,P001727
5914,P003380
5915,P003811
5916,P001727
5917,P003811
5918,P003016
5919,P001164
5920,P003789
5921,P003827
5922,P001269
5923,P003789
5924,P003789
5925,P003213
5926,P003213
5927,P003016
5928,P001164
5929,P000028
5930,P003317
5931,P003317
5932,P003016
5933,P001164
5934,P003317
5935,P001081
5936,P003333
5937,P001081
5938,P000905
5939,P001081
5940,P001081
5941,P000201
5942,P002217
5943,P000454
5944,P003691
5945,P003691
5946,P001436
5947,P001203
5948,P001203
5949,P001203
5950,P001203
5951,P000332
5952,P003544
5953,P003544
5954,P003544
5955,P003133
5956,P002476
5957,P001894
5958,P001012
5959,P002619
5960,P001894
5961,P001894
5962,P003171
5963,P000344
5964,P001797
5965,P003566
5966,P001302
5967,P000387
5968,P003121
5969,P000148
5970,P000387
5971,P000387
5972,P000008
5973,P003598
5974,P003204
5975,P003204
5976,P003204
5977,P003204
5978,P003204
5979,P002716
5980,P003701
5981,P002856
5982,P002411
5983,P002703
5984,P002703
5985,P003386
5986,P001810
5987,P001514
5988,P002434
5989,P002845
5990,P001875
5991,P000854
5992,P000854
5993,P000854
5994,P001661
5995,P001317
5996,P000854
5997,P003538
5998,P000854
5999,P003390
6000,P003313
6001,P003782
6002,P003014
6003,P000620
6004,P003285
6005,P001586
6006,P003782
6007,P000645
6008,P000080
6009,P003055
6010,P000558
6011,P001093
6012,P000214
6013,P002843
6014,P000558
6015,P001651
6016,P001586
6017,P000558
6018,P003639
6019,P001524
6020,P001651
6021,P001586
6022,P000064
6023,P000064
6024,P000064
6025,P003681
6026,P002572
6027,P000064
6028,P000064
6029,P002948
6030,P000064
6031,P001312
6032,P001017
6033,P003382
6034,P001364
6035,P000064
6036,P000503
6037,P001089
6038,P002341
6039,P001890
6040,P000064
6041,P000597
6042,P000064
6043,P002537
6044,P000064
6045,P000064
6046,P000064
6047,P001938
6048,P002806
6049,P002083
6050,P002787
6051,P000056
6052,P002323
6053,P002787
6054,P002787
6055,P001014
6056,P001014
6057,P002136
6058,P002121
6059,P001868
6060,P002121
6061,P002121
6062,P001789
6063,P002121
6064,P002121
6065,P001516
6066,P001769
6067,P002617
6068,P000309
6069,P002669
6070,P003768
6071,P000262
6072,P003474
6073,P000365
6074,P002987
6075,P000262
6076,P002120
6077,P001307
6078,P001307
6079,P003105
6080,P002969
6081,P002559
6082,P002144
6083,P002144
6084,P001862
6085,P002655
6086,P001151
6087,P001151
6088,P003412
6089,P002296
6090,P002429
6091,P001385
6092,P001385
6093,P001385
6094,P000169
6095,P001433
6096,P001232
6097,P000484
6098,P001854
6099,P002113
6100,P001631
6101,P002410
6102,P001631
6103,P001631
6104,P001631
6105,P001631
6106,P001976
6107,P002848
6108,P001953
6109,P002675
6110,P000093
6111,P000764
6112,P000764
6113,P002745
6114,P000342
6115,P000761
6116,P000056
6117,P003729
6118,P000221
6119,P003521
6120,P003367
6121,P003535
6122,P001967
6123,P002665
6124,P000361
6125,P001011
6126,P000056
6127,P002323
6128,P001074
6129,P003667
6130,P002288
6131,P001423
6132,P002552
6133,P000132
6134,P000132
6135,P000889
6136,P002062
6137,P000132
6138,P003007
6139,P000268
6140,P000312
6141,P000132
6142,P000863
6143,P000287
6144,P001681
6145,P000287
6146,P002228
6147,P000543
6148,P003621
6149,P003062
6150,P003795
6151,P003010
6152,P002528
6153,P003142
6154,P002826
6155,P001891
6156,P000897
6157,P003131
6158,P002973
6159,P001374
6160,P002973
6161,P001979
6162,P001998
6163,P001436
6164,P002643
6165,P001436
6166,P002724
6167,P001436
6168,P001436
6169,P001419
6170,P003504
6171,P000476
6172,P003670
6173,P001419
6174,P003020
6175,P003020
6176,P000488
6177,P003822
6178,P002899
6179,P000134
6180,P000331
6181,P002899
6182,P000602
6183,P000522
6184,P002899
6185,P000827
6186,P002387
6187,P001341
6188,P001341
6189,P001341
6190,P001341
6191,P001341
6192,P002030
6193,P000691
6194,P003240
6195,P000461
6196,P000461
6197,P000232
6198,P002062
6199,P000461
6200,P003392
6201,P003392
6202,P003392
6203,P003392
6204,P003075
6205,P000735
6206,P002680
6207,P002315
6208,P001773
6209,P002315
6210,P001899
6211,P002315
6212,P002115
6213,P001070
6214,P001070
6215,P001070
6216,P000831
6217,P001070
6218,P003586
6219,P001046
6220,P001070
6221,P001939
6222,P003128
6223,P003114
6224,P001250
6225,P000379
6226,P002961
6227,P000738
6228,P003290
6229,P003212
6230,P002118
6231,P003290
6232,P001218
6233,P003784
6234,P003290
6235,P003290
6236,P003290
6237,P002303
6238,P002513
6239,P002513
6240,P002190
6241,P003810
6242,P001256
6243,P003217
6244,P003296
6245,P002658
6246,P001923
6247,P002467
6248,P002292
6249,P002966
6250,P000679
6251,P003629
6252,P002369
6253,P002186
6254,P000536
6255,P000047
6256,P002186
6257,P002186
6258,P000540
6259,P002910
6260,P003456
6261,P000243
6262,P002160
6263,P001729
6264,P001729
6265,P000321
6266,P000644
6267,P003825
6268,P001492
6269,P000321
6270,P000321
6271,P000706
6272,P000792
6273,P000321
6274,P002633
6275,P000321
6276,P001679
6277,P003411
6278,P000321
6279,P002913
6280,P002913
6281,P000382
6282,P002913
6283,P000074
6284,P000859
6285,P002913
6286,P001616
6287,P003773
6288,P000247
6289,P001128
6290,P003773
6291,P002049
6292,P000289
6293,P000025
6294,P002575
6295,P002575
6296,P002427
6297,P003740
6298,P002575
6299,P002575
6300,P000457
6301,P001300
6302,P000811
6303,P002917
6304,P002917
6305,P001237
6306,P001237
6307,P001634
6308,P003582
6309,P003470
6310,P001634
6311,P001634
6312,P002135
6313,P001747
6314,P003766
6315,P000639
6316,P003177
6317,P003764
6318,P000651
6319,P003764
6320,P000128
6321,P000522
6322,P003085
6323,P000173
6324,P001829
6325,P001829
6326,P001829
6327,P000460
6328,P003626
6329,P002417
6330,P002541
6331,P002426
6332,P003821
6333,P002426
6334,P002426
6335,P002426
6336,P003662
6337,P000032
6338,P003585
6339,P003706
6340,P001629
6341,P001629
6342,P002606
6343,P002606
6344,P002606
6345,P001470
6346,P000901
6347,P000347
6348,P003661
6349,P003742
6350,P000901
6351,P002472
6352,P001914
6353,P001635
6354,P001635
6355,P001635
6356,P000844
6357,P000844
6358,P000844
6359,P003725
6360,P003081
6361,P003142
6362,P000844
6363,P002920
6364,P001437
6365,P003490
6366,P002592
6367,P003541
6368,P003541
6369,P003541
6370,P000670
6371,P000670
6372,P000067
6373,P002366
6374,P003395
6375,P001521
6376,P001093
6377,P001093
6378,P001093
6379,P001093
6380,P003159
6381,P000589
6382,P002134
6383,P001825
6384,P003728
6385,P001087
6386,P001087
6387,P002710
6388,P001087
6389,P002238
6390,P003806
6391,P003806
6392,P003806
6393,P000490
6394,P003227
6395,P001944
6396,P001969
6397,P003685
6398,P001776
6399,P002882
6400,P001100
6401,P003279
6402,P002966
6403,P002274
6404,P003097
6405,P003097
6406,P000532
6407,P002451
6408,P000261
6409,P002720
6410,P001446
6411,P003464
6412,P003469
6413,P000898
6414,P002414
6415,P002971
6416,P000165
6417,P003032
6418,P003113
6419,P000940
6420,P000750
6421,P001775
6422,P003690
6423,P003115
6424,P002384
6425,P003690
6426,P001701
6427,P001744
6428,P002740
6429,P001701
6430,P001701
6431,P001701
6432,P003455
6433,P001701
6434,P001809
6435,P000530
6436,P000530
6437,P002764
6438,P002025
6439,P000104
6440,P000547
6441,P003221
6442,P001901
6443,P001688
6444,P001103
6445,P001103
6446,P001191
6447,P002132
6448,P000867
6449,P000330
6450,P000609
6451,P002865
6452,P003301
6453,P003301
6454,P003559
6455,P003174
6456,P002371
6457,P000921
6458,P002582
6459,P002378
6460,P000646
6461,P000646
6462,P001562
6463,P000646
6464,P000646
6465,P001356
6466,P002118
6467,P003219
6468,P000601
6469,P003219
6470,P002752
6471,P002115
6472,P001218
6473,P002115
6474,P002115
6475,P002115
6476,P002115
6477,P002115
6478,P000349
6479,P003619
6480,P001482
6481,P002595
6482,P002595
6483,P002595
6484,P002595
6485,P003430
6486,P000449
6487,P002386
6488,P001150
6489,P000810
6490,P002880
6491,P000650
6492,P000374
6493,P003094
6494,P001387
6495,P001714
6496,P000674
6497,P002769
6498,P003094
6499,P000668
6500,P001393
6501,P000668
6502,P000622
6503,P003676
6504,P000565
6505,P002205
6506,P000913
6507,P000565
6508,P001372
6509,P000565
6510,P000035
6511,P003283
6512,P000035
6513,P002140
6514,P002688
6515,P000773
6516,P001298
6517,P002436
6518,P003431
6519,P003452
6520,P003452
6521,P003452
6522,P000481
6523,P002483
6524,P002483
6525,P002483
6526,P001476
6527,P000794
6528,P003227
6529,P003348
6530,P001544
6531,P003114
6532,P001940
6533,P000106
6534,P001582
6535,P001589
6536,P001392
6537,P003276
6538,P002802
6539,P003140
6540,P001589
6541,P001897
6542,P001897
6543,P003159
6544,P003529
6545,P000806
6546,P003159
6547,P003159
6548,P000183
6549,P000391
6550,P003334
6551,P000794
6552,P000794
6553,P002154
6554,P002409
6555,P003743
6556,P003743
6557,P003743
6558,P003281
6559,P001026
6560,P002515
6561,P000257
6562,P002388
6563,P002388
6564,P001422
6565,P002289
6566,P001243
6567,P002014
6568,P001984
6569,P003439
6570,P003439
6571,P003439
6572,P002844
6573,P002844
6574,P002872
6575,P000866
6576,P000866
6577,P000974
6578,P001758
6579,P000974
6580,P000978
6581,P000029
6582,P000770
6583,P001092
6584,P001644
6585,P003769
6586,P002009
6587,P003602
6588,P001878
6589,P003669
6590,P003669
6591,P003405
6592,P003253
6593,P003129
6594,P003669
6595,P003550
6596,P000434
6597,P001579
6598,P000326
6599,P001435
6600,P000784
6601,P000446
6602,P000346
6603,P000346
6604,P003242
6605,P002157
6606,P003316
6607,P003316
6608,P002881
6609,P002157
6610,P002157
6611,P002157
6612,P002157
6613,P002769
6614,P001110
6615,P001066
6616,P002972
6617,P002155
6618,P001688
6619,P003787
6620,P000007
6621,P001788
6622,P000930
6623,P003787
6624,P003787
6625,P003462
6626,P003462
6627,P000263
6628,P001924
6629,P000073
6630,P002812
6631,P000680
6632,P001962
6633,P000102
6634,P000454
6635,P002324
6636,P001740
6637,P002197
6638,P002197
6639,P001058
6640,P002197
6641,P003571
6642,P002197
6643,P002197
6644,P002779
6645,P002197
6646,P002197
6647,P001238
6648,P000959
6649,P000467
6650,P000596
6651,P000956
6652,P003650
6653,P000956
6654,P001525
6655,P000656
6656,P000248
6657,P000112
6658,P000601
6659,P000188
6660,P000706
6661,P003298
6662,P002242
6663,P003154
6664,P003298
6665,P003298
6666,P000305
6667,P003407
6668,P002946
6669,P000965
6670,P002107
6671,P002107
6672,P002631
6673,P002488
6674,P002488
6675,P001547
6676,P002897
6677,P000830
6678,P002717
6679,P002488
6680,P001686
6681,P000772
6682,P000772
6683,P001888
6684,P001501
6685,P001850
6686,P003623
6687,P001061
6688,P001850
6689,P000634
6690,P001850
6691,P001199
6692,P001850
6693,P000367
6694,P000370
6695,P000367
6696,P000367
6697,P000367
6698,P000075
6699,P003409
6700,P000367
6701,P002384
6702,P000718
6703,P001751
6704,P000718
6705,P000718
6706,P002039
6707,P003207
6708,P001651
6709,P002039
6710,P002754
6711,P003477
6712,P001975
6713,P001518
6714,P000392
6715,P000392
6716,P001584
6717,P001584
6718,P000075
6719,P001584
6720,P001778
6721,P001246
6722,P001584
6723,P001584
6724,P001848
6725,P000946
6726,P003633
6727,P000215
6728,P001971
6729,P000869
6730,P001509
6731,P003255
6732,P001278
6733,P001876
6734,P003179
6735,P003561
6736,P001278
6737,P001278
6738,P001902
6739,P001902
6740,P002507
6741,P001902
6742,P001946
6743,P000691
6744,P000998
6745,P000368
6746,P000368
6747,P002795
6748,P000766
6749,P001912
6750,P000766
6751,P003575
6752,P003533
6753,P003332
6754,P003332
6755,P003332
6756,P003332
6757,P003667
6758,P000553
6759,P003729
6760,P003332
6761,P002964
6762,P000156
6763,P001896
6764,P002314
6765,P002045
6766,P001387
6767,P001387
6768,P001678
6769,P003129
6770,P000573
6771,P000728
6772,P001900
6773,P000573
6774,P003216
6775,P001556
6776,P002792
6777,P000057
6778,P000996
6779,P000001
6780,P003457
6781,P000326
6782,P000168
6783,P000168
6784,P000168
6785,P001025
6786,P003225
6787,P002980
6788,P000002
6789,P003376
6790,P002985
6791,P003376
6792,P000855
6793,P001504
6794,P001171
6795,P003416
6796,P003231
6797,P001064
6798,P001919
6799,P003451
6800,P003695
6801,P001846
6802,P001770
6803,P003344
6804,P003599
6805,P000205
6806,P003750
6807,P003039
6808,P000194
6809,P000151
6810,P000194
6811,P002836
6812,P000006
6813,P003617
6814,P000395
6815,P003816
6816,P001713
6817,P002006
6818,P002624
6819,P002539
6820,P003223
6821,P003058
6822,P001590
6823,P003437
6824,P000496
6825,P000031
6826,P001370
6827,P001413
6828,P000737
6829,P001321
6830,P000234
6831,P003180
6832,P001413
6833,P002814
6834,P002667
6835,P002667
6836,P002667
6837,P003784
6838,P002667
6839,P003758
6840,P001872
6841,P001785
6842,P002716
6843,P000704
6844,P002136
6845,P003555
6846,P003100
6847,P000397
6848,P000397
6849,P000981
6850,P003258
6851,P003258
6852,P003265
6853,P002349
6854,P002076
6855,P000712
6856,P003393
6857,P001078
6858,P003393
6859,P003393
6860,P001958
6861,P000754
6862,P000354
6863,P000429
6864,P002498
6865,P003820
6866,P002698
6867,P001993
6868,P001644
6869,P001497
6870,P002072
6871,P001238
6872,P001644
6873,P001644
6874,P001644
6875,P001644
6876,P000650
6877,P003279
6878,P001213
6879,P003349
6880,P001410
6881,P001410
6882,P001410
6883,P003799
6884,P000920
6885,P001794
6886,P000920
6887,P000920
6888,P000675
6889,P003520
6890,P002249
6891,P003796
6892,P001020
6893,P001677
6894,P001537
6895,P000571
6896,P000137
6897,P000799
6898,P001761
6899,P000137
6900,P001267
6901,P002888
6902,P002804
6903,P003408
6904,P003408
6905,P003692
6906,P003408
6907,P003244
6908,P000977
6909,P002630
6910,P000535
6911,P002435
6912,P000479
6913,P002261
6914,P001720
6915,P003696
6916,P000334
6917,P003182
6918,P002982
6919,P001720
6920,P002904
6921,P003517
6922,P003517
6923,P002159
6924,P002536
6925,P003135
6926,P003679
6927,P003140
6928,P002432
6929,P000293
6930,P000293
6931,P000293
6932,P000293
6933,P003108
6934,P000293
6935,P000293
6936,P003825
6937,P003825
6938,P002138
6939,P000271
6940,P001415
6941,P001322
6942,P003026
6943,P003026
6944,P003026
6945,P001730
6946,P002216
6947,P002334
6948,P000788
6949,P001595
6950,P000812
6951,P000812
6952,P000430
6953,P002660
6954,P000793
6955,P000893
6956,P000650
6957,P003154
6958,P003246
6959,P000659
6960,P001125
6961,P001125
6962,P001158
6963,P001125
6964,P002498
6965,P002498
6966,P003374
6967,P001978
6968,P001595
6969,P003445
6970,P001595
6971,P001973
6972,P001180
6973,P000463
6974,P000012
6975,P000089
6976,P002421
6977,P002892
6978,P003358
6979,P002361
6980,P000514
6981,P002542
6982,P003358
6983,P000055
6984,P002735
6985,P002951
6986,P002856
6987,P000647
6988,P003600
6989,P000705
6990,P001080
6991,P002856
6992,P000375
6993,P000375
6994,P003601
6995,P003601
6996,P000899
6997,P003254
6998,P001879
6999,P003157
7000,P003157
7001,P003571
7002,P002071
7003,P000456
7004,P000433
7005,P002248
7006,P002248
7007,P001613
7008,P001048
7009,P000245
7010,P000568
7011,P003760
7012,P000568
7013,P000458
7014,P000220
7015,P000317
7016,P003840
7017,P001493
7018,P000096
7019,P000096
7020,P003133
7021,P000662
7022,P001932
7023,P003133
7024,P001383
7025,P000917
7026,P002694
7027,P003133
7028,P003133
7029,P000590
7030,P003049
7031,P000004
7032,P000004
7033,P003823
7034,P002244
7035,P003578
7036,P003280
7037,P003860
7038,P003860
7039,P001238
7040,P003457
7041,P003457
7042,P001367
7043,P003457
7044,P003457
7045,P003271
7046,P003457
7047,P001257
7048,P001942
7049,P001234
7050,P002737
7051,P003561
7052,P003561
7053,P003561
7054,P001577
7055,P003628
7056,P003628
7057,P003628
7058,P002877
7059,P001512
7060,P001512
7061,P001512
7062,P001512
7063,P000561
7064,P001887
7065,P002253
7066,P003555
7067,P003555
7068,P003555
7069,P003555
7070,P003555
7071,P002874
7072,P001235
7073,P002087
7074,P000629
7075,P001178
7076,P002257
7077,P002350
7078,P002051
7079,P003289
7080,P003099
7081,P000209
7082,P000219
7083,P001774
7084,P002683
7085,P000350
7086,P001529
7087,P001529
7088,P001529
7089,P000504
7090,P000504
7091,P001138
7092,P000853
7093,P000946
7094,P001929
7095,P003451
7096,P000729
7097,P002151
7098,P001217
7099,P002405
7100,P003341
7101,P003790
7102,P001133
7103,P001133
7104,P000249
7105,P000510
7106,P002448
7107,P002565
7108,P001405
7109,P001405
7110,P001572
7111,P001405
7112,P001405
7113,P003453
7114,P000037
7115,P000154
7116,P001405
7117,P002250
7118,P001405
7119,P003189
7120,P002493
7121,P003189
7122,P003189
7123,P000160
7124,P000160
7125,P001088
7126,P001611
7127,P003688
7128,P000685
7129,P003569
7130,P003569
7131,P003569
7132,P001090
7133,P002895
7134,P003768
7135,P002895
7136,P000400
7137,P000669
7138,P002801
7139,P001782
7140,P000003
7141,P000981
7142,P001194
7143,P001102
7144,P001194
7145,P002253
7146,P000779
7147,P002662
7148,P003190
7149,P002557
7150,P001119
7151,P000060
7152,P002994
7153,P002209
7154,P001034
7155,P002209
7156,P002209
7157,P000303
7158,P002223
7159,P000892
7160,P001394
7161,P002223
7162,P003158
7163,P000074
7164,P000074
7165,P003486
7166,P000074
7167,P000676
7168,P000241
7169,P003234
7170,P000241
7171,P003727
7172,P002245
7173,P003843
7174,P003262
7175,P001216
7176,P000459
7177,P000942
7178,P001082
7179,P001927
7180,P001069
7181,P002949
7182,P003521
7183,P001566
7184,P000323
7185,P001751
7186,P003125
7187,P002879
7188,P002445
7189,P000786
7190,P002035
7191,P001755
7192,P001755
7193,P001755
7194,P001755
7195,P003428
7196,P003492
7197,P002262
7198,P001861
7199,P000259
7200,P002354
7201,P002167
7202,P000963
7203,P000383
7204,P001603
7205,P002167
7206,P002167
7207,P001098
7208,P001032
7209,P002393
7210,P000495
7211,P003252
7212,P002586
7213,P002586
7214,P000237
7215,P002586
7216,P003053
7217,P002586
7218,P000966
7219,P002904
7220,P002904
7221,P001693
7222,P002904
7223,P003568
7224,P002214
7225,P002442
7226,P002025
7227,P003729
7228,P003729
7229,P003729
7230,P002547
7231,P002282
7232,P003675
7233,P003057
7234,P003143
7235,P002548
7236,P003143
7237,P002891
7238,P000310
7239,P002891
7240,P001884
7241,P000858
7242,P002891
7243,P001500
7244,P001389
7245,P003677
7246,P002794
7247,P002794
7248,P001324
7249,P001458
7250,P002242
7251,P002037
7252,P000841
7253,P001527
7254,P001632
7255,P000103
7256,P001094
7257,P000103
7258,P001846
7259,P000673
7260,P001168
7261,P003839
7262,P001818
7263,P000091
7264,P002979
7265,P003501
7266,P000567
7267,P001828
7268,P002738
7269,P000711
7270,P002546
7271,P003024
7272,P002180
7273,P001202
7274,P002336
7275,P001359
7276,P002180
7277,P003425
7278,P000334
7279,P001593
7280,P000874
7281,P002678
7282,P002358
7283,P001198
7284,P001469
7285,P000874
7286,P002643
7287,P002611
7288,P002611
7289,P001724
7290,P000692
7291,P003631
7292,P002954
7293,P003018
7294,P002889
7295,P003146
7296,P002889
7297,P002889
7298,P002916
7299,P002889
7300,P001276
7301,P000522
7302,P000522
7303,P000522
7304,P000522
7305,P000522
7306,P002329
7307,P002329
7308,P003646
7309,P003646
7310,P000819
7311,P000905
7312,P003549
7313,P000620
7314,P001149
7315,P000620
7316,P000567
7317,P000567
7318,P000157
7319,P000567
7320,P002924
7321,P002924
7322,P001907
7323,P002762
7324,P003266
7325,P001241
7326,P003403
7327,P003042
7328,P001907
7329,P001907
7330,P001184
7331,P001166
7332,P001089
7333,P000954
7334,P000680
7335,P000680
7336,P003745
7337,P001251
7338,P000680
7339,P002189
7340,P003362
7341,P003362
7342,P001500
7343,P000240
7344,P001934
7345,P000517
7346,P003763
7347,P003207
7348,P003763
7349,P002701
7350,P001029
7351,P000743
7352,P000671
7353,P001834
7354,P001407
7355,P001045
7356,P003427
7357,P003710
7358,P001117
7359,P003378
7360,P002086
7361,P002086
7362,P002086
7363,P002093
7364,P000242
7365,P002932
7366,P002086
7367,P003606
7368,P002086
7369,P000490
7370,P002100
7371,P002997
7372,P001238
7373,P000585
7374,P002468
7375,P001966
7376,P002251
7377,P001051
7378,P001465
7379,P003503
7380,P002346
7381,P002346
7382,P002346
7383,P001559
7384,P002600
7385,P000659
7386,P001621
7387,P000245
7388,P003446
7389,P002001
7390,P002953
7391,P003680
7392,P002226
7393,P003814
7394,P003814
7395,P000828
7396,P001228
7397,P002748
7398,P000214
7399,P003454
7400,P000607
7401,P002732
7402,P000496
7403,P003853
7404,P001191
7405,P002007
7406,P003262
7407,P001191
7408,P001191
7409,P002479
7410,P002810
7411,P003788
7412,P003788
7413,P002058
7414,P001186
7415,P002776
7416,P002145
7417,P000483
7418,P000474
7419,P001002
7420,P003831
7421,P000085
7422,P000085
7423,P000085
7424,P001562
7425,P002628
7426,P001562
7427,P000632
7428,P000610
7429,P003595
7430,P002922
7431,P000353
7432,P002474
7433,P003781
7434,P002307
7435,P003703
7436,P003703
7437,P002017
7438,P001082
7439,P003372
7440,P002100
7441,P002986
7442,P002664
7443,P002761
7444,P003383
7445,P002421
7446,P002345
7447,P001511
7448,P001211
7449,P003545
7450,P002473
7451,P000016
7452,P000020
7453,P002887
7454,P003595
7455,P001275
7456,P001275
7457,P001960
7458,P001960
7459,P002841
7460,P002841
7461,P002841
7462,P000358
7463,P003093
7464,P003775
7465,P003775
7466,P001561
7467,P001561
7468,P002421
7469,P003431
7470,P001931
7471,P003767
7472,P003328
7473,P001931
7474,P000022
7475,P003220
7476,P000591
7477,P003326
7478,P001788
7479,P000514
7480,P003672
7481,P003549
7482,P001645
7483,P000760
7484,P000795
7485,P000302
7486,P000728
7487,P000090
7488,P003482
7489,P000728
7490,P000728
7491,P003079
7492,P003146
7493,P001404
7494,P003146
7495,P001280
7496,P002627
7497,P000199
7498,P000199
7499,P000308
7500,P000040
7501,P002738
7502,P003583
7503,P000040
7504,P000040
7505,P003702
7506,P001270
7507,P003489
7508,P001439
7509,P002001
7510,P001930
7511,P000575
7512,P000575
7513,P002278
7514,P000575
7515,P003712
7516,P003004
7517,P000048
7518,P003622
7519,P000957
7520,P003366
7521,P002664
7522,P000694
7523,P002379
7524,P000320
7525,P000607
7526,P002678
7527,P001565
7528,P001198
7529,P002392
7530,P000207
7531,P001466
7532,P003658
7533,P001974
7534,P001445
7535,P003411
7536,P000798
7537,P001226
7538,P003178
7539,P002849
7540,P001261
7541,P002530
7542,P002530
7543,P001565
7544,P000476
7545,P003352
7546,P001800
7547,P002235
7548,P000579
7549,P003247
7550,P001503
7551,P002747
7552,P000442
7553,P000442
7554,P001165
7555,P000327
7556,P003595
7557,P002906
7558,P001749
7559,P002694
7560,P002694
7561,P002654
7562,P002181
7563,P003819
7564,P000554
7565,P003127
7566,P003699
7567,P000021
7568,P001099
7569,P001166
7570,P000654
7571,P003862
7572,P003548
7573,P002550
7574,P000702
7575,P000702
7576,P001420
7577,P000702
7578,P003249
7579,P000702
7580,P002505
7581,P000066
7582,P002596
7583,P002046
7584,P002135
7585,P001538
7586,P002135
7587,P000362
7588,P001212
7589,P000187
7590,P003556
7591,P003556
7592,P000133
7593,P002855
7594,P000813
7595,P002878
7596,P001076
7597,P001068
7598,P002449
7599,P003397
7600,P002470
7601,P003038
7602,P001626
7603,P003038
7604,P003423
7605,P001239
7606,P000024
7607,P002434
7608,P002610
7609,P001739
7610,P001417
7611,P001801
